snake_sub_family,higher_snake_family,class
Rhabdophis subminiatus,Rhabdophis,1
Rhabdophis tigrinus,Rhabdophis,1
Malpolon monspessulanus,Malpolon,1
Boiga dendrophila,Boiga,1
Bungarus caeruleus,Bungarus,1
Bungarus fasciatus,Bungarus,1
Bungarus multicinctus,Bungarus,1
Naja atra,Naja,1
Naja naja,Naja,1
Naja oxiana,Naja,1
Ophiophagus hannah,Ophiophagus,1
Azemiops feae,Azemiops,1
Daboia russelii,Daboia,1
Daboia siamensis,Daboia,1
Echis carinatus,Echis,1
Pseudocerastes persicus,Pseudocerastes,1
Montivipera latifii,Montivipera,1
Montivipera xanthina,Montivipera,1
Calloselasma rhodostoma,Calloselasma,1
Deinagkistrodon acutus,Deinagkistrodon,1
Ovophis okinavensis,Ovophis,1
Trimeresurus albolabris,Trimeresurus,1
Protobothrops elegans,Protobothrops,1
Protobothrops flavoviridis,Protobothrops,1
Protobothrops mucrosquamatus,Protobothrops,1
Trimeresurus stejnegeri,Trimeresurus,1
Protobothrops tokarensis,Protobothrops,1
Tropidolaemus wagleri,Tropidolaemus,1
Dispholidus typus,Dispholidus,1
Thelotornis capensis,Thelotornis,1
Toxicodryas blandingii,Toxicodryas,1
Atractaspis bibronii,Atractaspis,1
Atractaspis dahomeyensis,Atractaspis,1
Atractaspis microlepidota,Atractaspis,1
Dendroaspis angusticeps,Dendroaspis,1
Hemachatus haemachatus,Hemachatus,1
Naja haje,Naja,1
Naja nigricollis,Naja,1
Naja nivea,Naja,1
Naja pallida,Naja,1
Bitis arietans,Bitis,1
Bitis gabonica,Bitis,1
Cerastes cerastes,Cerastes,1
Daboia palaestinae,Daboia,1
Causus rhombeatus,Causus,1
Micrurus alleni,Micrurus,1
Micrurus corallinus,Micrurus,1
Micrurus dumerilii,Micrurus,1
Micrurus frontalis,Micrurus,1
Micrurus fulvius,Micrurus,1
Micrurus isozonus,Micrurus,1
Micrurus lemniscatus,Micrurus,1
Micrurus mertensi,Micrurus,1
Micrurus mipartitus,Micrurus,1
Micrurus multifasciatus,Micrurus,1
Micrurus nigrocinctus,Micrurus,1
Micrurus spixii,Micrurus,1
Micrurus surinamensis,Micrurus,1
Crotalus ravus,Crotalus,1
Micrurus pyrrhocryptus,Micrurus,1
Lachesis muta,Lachesis,1
Bothriechis schlegelii,Bothriechis,1
Bothrops alternatus,Bothrops,1
Bothrops ammodytoides,Bothrops,1
Bothrops atrox,Bothrops,1
Bothrops cotiara,Bothrops,1
Bothrops erythromelas,Bothrops,1
Bothrops jararaca,Bothrops,1
Bothrops jararacussu,Bothrops,1
Bothrops leucurus,Bothrops,1
Bothrops moojeni,Bothrops,1
Bothrops neuwiedi,Bothrops,1
Crotalus adamanteus,Crotalus,1
Crotalus atrox,Crotalus,1
Crotalus basiliscus,Crotalus,1
Crotalus catalinensis,Crotalus,1
Crotalus durissus,Crotalus,1
Crotalus enyo,Crotalus,1
Crotalus pusillus,Crotalus,1
Crotalus scutulatus,Crotalus,1
Crotalus tigris,Crotalus,1
Crotalus oreganus,Crotalus,1
Crotalus viridis,Crotalus,1
Acanthophis antarcticus,Acanthophis,1
Acanthophis praelongus,Acanthophis,1
Austrelaps superbus,Austrelaps,1
Hoplocephalus bitorquatus,Hoplocephalus,1
Hoplocephalus bungaroides,Hoplocephalus,1
Hoplocephalus stephensii,Hoplocephalus,1
Notechis scutatus,Notechis,1
Oxyuranus microlepidotus,Oxyuranus,1
Pseudechis australis,Pseudechis,1
Pseudechis colletti,Pseudechis,1
Pseudechis guttatus,Pseudechis,1
Pseudechis porphyriacus,Pseudechis,1
Pseudechis papuanus,Pseudechis,1
Pseudonaja guttata,Pseudonaja,1
Pseudonaja inframacula,Pseudonaja,1
Pseudonaja nuchalis,Pseudonaja,1
Pseudonaja textilis,Pseudonaja,1
Cryptophis nigrescens,Cryptophis,1
Tropidechis carinatus,Tropidechis,1
Acalyptophis peronii,Acalyptophis,1
Aipysurus duboisii,Aipysurus,1
Aipysurus eydouxii,Aipysurus,1
Aipysurus foliosquama,Aipysurus,1
Aipysurus laevis,Aipysurus,1
Astrotia stokesii,Astrotia,1
Hydrophis major,Hydrophis,1
Emydocephalus annulatus,Emydocephalus,1
Enhydrina schistosa,Enhydrina,1
Hydrophis brookii,Hydrophis,1
Hydrophis cyanocinctus,Hydrophis,1
Hydrophis elegans,Hydrophis,1
Hydrophis klossi,Hydrophis,1
Hydrophis ornatus,Hydrophis,1
Hydrophis spiralis,Hydrophis,1
Hydrophis jerdonii,Hydrophis,1
Lapemis curtus,Lapemis,1
Lapemis hardwickii,Lapemis,1
Pelamis platurus,Pelamis,1
Laticauda colubrina,Laticauda,1
Laticauda semifasciata,Laticauda,1
Hydrophis melanocephalus,Hydrophis,1
Hydrophis coggeri,Hydrophis,1
Boiga irregularis,Boiga,1
Micrurus altirostris,Micrurus,1
Micrurus tener,Micrurus,1
Bungarus bungaroides,Bungarus,1
Bungarus candidus,Bungarus,1
Bungarus ceylonicus,Bungarus,1
Bungarus flaviceps,Bungarus,1
Bungarus lividus,Bungarus,1
Bungarus magnimaculatus,Bungarus,1
Bungarus niger,Bungarus,1
Bungarus sindanus ( = walli ),Bungarus,1
Calliophis beddomei,Calliophis,1
Calliophis bibroni,Calliophis,1
Calliophis calligaster,Calliophis,1
Calliophis gracilis,Calliophis,1
Hemibungarus japonicus,Hemibungarus,1
Sinomicrurus kelloggi,Sinomicrurus,1
Sinomicrurus macclellandi,Sinomicrurus,1
Calliophis maculiceps,Calliophis,1
Calliophis melanurus,Calliophis,1
Calliophis nigrescens,Calliophis,1
Hemibungarus sauteri,Hemibungarus,1
Calliophis bivirgata,Calliophis,1
Calliophis intestinalis,Calliophis,1
Naja kaouthia,Naja,1
Naja philippinensis,Naja,1
Naja samarensis,Naja,1
Naja siamensis,Naja,1
Naja sputatrix,Naja,1
Naja sumatrana,Naja,1
Walterinnesia aegyptia,Walterinnesia,1
Eristocophis mcmahoni,Eristocophis,1
Gloydius blomhoffii,Gloydius,1
Gloydius brevicaudus,Gloydius,1
Gloydius halys,Gloydius,1
Gloydius himalayanus,Gloydius,1
Gloydius saxatilis,Gloydius,1
Gloydius shedaoensis,Gloydius,1
Gloydius ussuriensis,Gloydius,1
Gloydius monticola,Gloydius,1
Gloydius strauchi,Gloydius,1
Protobothrops mangshanensis,Protobothrops,1
Gloydius intermedius,Gloydius,1
Aspidelaps lubricus,Aspidelaps,1
Aspidelaps scutatus,Aspidelaps,1
Naja annulata,Naja,1
Naja christyi,Naja,1
Dendroaspis jamesoni,Dendroaspis,1
Dendroaspis polylepis,Dendroaspis,1
Dendroaspis viridis,Dendroaspis,1
Elapsoidea chelazziorum,Elapsoidea,1
Elapsoidea guentherii,Elapsoidea,1
Elapsoidea laticincta,Elapsoidea,1
Elapsoidea loveridgei,Elapsoidea,1
Elapsoidea nigra,Elapsoidea,1
Elapsoidea semiannulata,Elapsoidea,1
Elapsoidea sundevallii,Elapsoidea,1
Homoroselaps lacteus,Homoroselaps,1
Naja katiensis,Naja,1
Naja melanoleuca,Naja,1
Naja mossambica,Naja,1
Naja multifasciata,Naja,1
Pseudohaje goldii,Pseudohaje,1
Adenorhinos barbouri,Adenorhinos,1
Bitis atropos,Bitis,1
Bitis caudalis,Bitis,1
Bitis cornuta,Bitis,1
Bitis heraldica,Bitis,1
Bitis inornata,Bitis,1
Bitis nasicornis,Bitis,1
Bitis parviocula,Bitis,1
Bitis peringueyi,Bitis,1
Bitis schneideri,Bitis,1
Bitis worthingtoni,Bitis,1
Bitis xeropaga,Bitis,1
Causus defilippii,Causus,1
Causus lichtensteini,Causus,1
Causus maculatus,Causus,1
Causus resimus,Causus,1
Elapsoidea boulengeri,Elapsoidea,1
Naja anchietae,Naja,1
Naja annulifera,Naja,1
Naja arabica,Naja,1
Naja nigricincta,Naja,1
Bitis albanica,Bitis,1
Vipera ammodytes,Vipera,1
Gloydius tsushimaensis,Gloydius,1
Causus bilineatus,Causus,1
Bitis rubida,Bitis,1
Bungarus andamanensis,Bungarus,1
Elapsoidea broadleyi,Elapsoidea,1
Micruroides euryxanthus,Micruroides,1
Micrurus ancoralis,Micrurus,1
Micrurus annellatus,Micrurus,1
Micrurus averyi,Micrurus,1
Micrurus bernadi,Micrurus,1
Micrurus bocourti,Micrurus,1
Micrurus bogerti,Micrurus,1
Micrurus browni,Micrurus,1
Micrurus clarki,Micrurus,1
Leptomicrurus collaris,Leptomicrurus,1
Micrurus decoratus,Micrurus,1
Micrurus diastema,Micrurus,1
Micrurus dissoleucus,Micrurus,1
Micrurus distans,Micrurus,1
Micrurus elegans,Micrurus,1
Micrurus filiformis,Micrurus,1
Micrurus frontifasciatus,Micrurus,1
Micrurus hemprichii,Micrurus,1
Micrurus hippocrepis,Micrurus,1
Micrurus ibiboboca,Micrurus,1
Leptomicrurus scutiventris,Leptomicrurus,1
Micrurus langsdorffi,Micrurus,1
Micrurus laticollaris,Micrurus,1
Micrurus latifasciatus,Micrurus,1
Micrurus limbatus,Micrurus,1
Micrurus margaritiferus,Micrurus,1
Micrurus multiscutatus,Micrurus,1
Leptomicrurus narduccii,Leptomicrurus,1
Micrurus peruvianus,Micrurus,1
Micrurus petersi,Micrurus,1
Micrurus proximans,Micrurus,1
Micrurus psyches,Micrurus,1
Micrurus putumayensis,Micrurus,1
Micrurus ruatanus,Micrurus,1
Micrurus sangilensis,Micrurus,1
Micrurus spurrelli,Micrurus,1
Micrurus steindachneri,Micrurus,1
Micrurus stewarti,Micrurus,1
Micrurus stuarti,Micrurus,1
Micrurus tschudii,Micrurus,1
Micrurus ephippifer,Micrurus,1
Sistrurus catenatus,Sistrurus,1
Micrurus circinalis ( = psyches circinalis ),Micrurus,1
Micrurus medemi ( = psyches medemi ),Micrurus,1
Micrurus paraensis ( = psyches paraensis ),Micrurus,1
Micrurus remotus ( = psyches remotus ),Micrurus,1
Micrurus diana,Micrurus,1
Micrurus meridensis ( = dissoleucus meridensis ),Micrurus,1
Crotalus cerastes,Crotalus,1
Crotalus totonacus,Crotalus,1
Crotalus culminatus,Crotalus,1
Crotalus tzabcan,Crotalus,1
Crotalus simus,Crotalus,1
Crotalus horridus,Crotalus,1
Crotalus intermedius,Crotalus,1
Crotalus lannomi,Crotalus,1
Crotalus lepidus,Crotalus,1
Crotalus mitchellii,Crotalus,1
Crotalus stephensi,Crotalus,1
Crotalus molossus,Crotalus,1
Crotalus pricei,Crotalus,1
Crotalus polystictus,Crotalus,1
Crotalus ruber,Crotalus,1
Crotalus stejnegeri,Crotalus,1
Crotalus transversus,Crotalus,1
Crotalus triseriatus,Crotalus,1
Crotalus aquilus,Crotalus,1
Crotalus cerberus,Crotalus,1
Crotalus willardi,Crotalus,1
Acanthophis pyrrhus,Acanthophis,1
Austrelaps ramsayi,Austrelaps,1
Austrelaps labialis,Austrelaps,1
Demansia olivacea,Demansia,1
Demansia papuensis,Demansia,1
Demansia psammophis,Demansia,1
Demansia simplex,Demansia,1
Demansia torquata,Demansia,1
Demansia vestigiata,Demansia,1
Denisonia devisi,Denisonia,1
Denisonia maculata,Denisonia,1
Elapognathus coronata,Elapognathus,1
Drysdalia mastersii,Drysdalia,1
Drysdalia rhodogaster,Drysdalia,1
Drysdalia coronoides,Drysdalia,1
Paroplocephalus atriceps,Paroplocephalus,1
Echiopsis curta,Echiopsis,1
Oxyuranus scutellatus,Oxyuranus,1
Pseudonaja affinis,Pseudonaja,1
Pseudonaja ingrami,Pseudonaja,1
Suta suta,Suta,1
Micropechis ikaheka,Micropechis,1
Aipysurus apraefrontalis,Aipysurus,1
Aipysurus fuscus,Aipysurus,1
Aipysurus tenuis,Aipysurus,1
Hydrophis kingii,Hydrophis,1
Hydrophis nigrocinctus,Hydrophis,1
Emydocephalus ijimae,Emydocephalus,1
Ephalophis greyae ( = greyi ),Ephalophis,1
Parahydrophis mertoni,Parahydrophis,1
Hydrelaps darwiniensis,Hydrelaps,1
Hydrophis belcheri,Hydrophis,1
Hydrophis bituberculatus,Hydrophis,1
Hydrophis caerulescens,Hydrophis,1
Hydrophis cantoris,Hydrophis,1
Hydrophis fasciatus,Hydrophis,1
Hydrophis gracilis,Hydrophis,1
Hydrophis inornatus,Hydrophis,1
Hydrophis lapemoides,Hydrophis,1
Hydrophis mamillaris,Hydrophis,1
Hydrophis melanosoma,Hydrophis,1
Hydrophis obscurus,Hydrophis,1
Hydrophis parviceps,Hydrophis,1
Hydrophis semperi,Hydrophis,1
Hydrophis stricticollis,Hydrophis,1
Hydrophis torquatus,Hydrophis,1
Kolpophis annandalei,Kolpophis,1
Hydrophis viperina,Hydrophis,1
Thalassophis anomalus,Thalassophis,1
Laticauda crockeri,Laticauda,1
Laticauda laticaudata,Laticauda,1
Laticauda schistorhynchus,Laticauda,1
Hydrophis atriceps,Hydrophis,1
Hydrophis czeblukovi,Hydrophis,1
Hydrophis macdowelli,Hydrophis,1
Hydrophis pacificus,Hydrophis,1
Hydrophis vorisi,Hydrophis,1
Homoroselaps dorsalis,Homoroselaps,1
Pseudohaje nigra,Pseudohaje,1
Toxicocalamus buergersi,Toxicocalamus,1
Toxicocalamus holopelturus,Toxicocalamus,1
Toxicocalamus longissimus,Toxicocalamus,1
Toxicocalamus loriae,Toxicocalamus,1
Toxicocalamus misimae,Toxicocalamus,1
Toxicocalamus preussi,Toxicocalamus,1
Toxicocalamus spilolepidotus,Toxicocalamus,1
Toxicocalamus stanleyanus,Toxicocalamus,1
Toxicocalamus grandis,Toxicocalamus,1
Aspidomorphus lineaticollis,Aspidomorphus,1
Aspidomorphus muelleri,Aspidomorphus,1
Aspidomorphus schlegeli,Aspidomorphus,1
Parapistocalamus hedigeri,Parapistocalamus,1
Loveridgelaps elapoides,Loveridgelaps,1
Cacophis harriettae,Cacophis,1
Cacophis krefftii,Cacophis,1
Cacophis squamulosus,Cacophis,1
Elapognathus minor,Elapognathus,1
Furina barnardi,Furina,1
Furina diadema,Furina,1
Furina dunmalli,Furina,1
Furina ornata,Furina,1
Furina tristis,Furina,1
Simoselaps anomalus,Simoselaps,1
Brachyurophis approximans,Brachyurophis,1
Brachyurophis australis,Brachyurophis,1
Simoselaps bertholdi,Simoselaps,1
Neelaps bimaculatus,Neelaps,1
Neelaps calonotus,Neelaps,1
Brachyurophis fasciolatus,Brachyurophis,1
Brachyurophis incinctus,Brachyurophis,1
Simoselaps littoralis,Simoselaps,1
Simoselaps minimus,Simoselaps,1
Brachyurophis semifasciatus,Brachyurophis,1
Antairoserpens warro,Antairoserpens,1
Suta fasciata,Suta,1
Parasuta flagellum,Parasuta,1
Parasuta gouldii,Parasuta,1
Parasuta monachus,Parasuta,1
Parasuta nigriceps,Parasuta,1
Suta ordensis,Suta,1
Suta punctata,Suta,1
Parasuta spectabilis,Parasuta,1
Vermicella annulata,Vermicella,1
Vermicella multifasciata,Vermicella,1
Enhydrina zweifeli,Enhydrina,1
Hydrophis lamberti,Hydrophis,1
Vermicella snelli,Vermicella,1
Vermicella intermedia,Vermicella,1
Vermicella vermiformis,Vermicella,1
Demansia reticulata,Demansia,1
Cacophis churchilli,Cacophis,1
Brachyurophis morrisi,Brachyurophis,1
Micrurus albicinctus,Micrurus,1
Micrurus catamayensis,Micrurus,1
Micrurus nebularis,Micrurus,1
Salomonelaps par,Salomonelaps,1
Ogmodon vitianus,Ogmodon,1
Naja mandalayensis,Naja,1
Acanthophis wellsei,Acanthophis,1
Bitis armata,Bitis,1
Hydrophis sibauensis,Hydrophis,1
Micrurus pachecogili,Micrurus,1
Hydrophis laboutei,Hydrophis,1
Phalotris lemniscatus,Phalotris,1
Philodryas aestivus,Philodryas,1
Philodryas arnaldoi,Philodryas,1
Philodryas baroni,Philodryas,1
Philodryas chamissonis,Philodryas,1
Philodryas cordata,Philodryas,1
Philodryas hoodensis,Philodryas,1
Philodryas inca,Philodryas,1
Philodryas livida,Philodryas,1
Philodryas mattogrossensis,Philodryas,1
Philodryas nattereri,Philodryas,1
Philodryas olfersii,Philodryas,1
Philodryas oligolepis,Philodryas,1
Philodryas patagoniensis,Philodryas,1
Philodryas psammophideus,Philodryas,1
Philodryas simonsii,Philodryas,1
Philodryas trilineatus,Philodryas,1
Philodryas varius,Philodryas,1
Philodryas viridissimus,Philodryas,1
Sibynomorphus inaequifasciatus,Sibynomorphus,1
Sibynomorphus lavillai,Sibynomorphus,1
Sibynomorphus mikanii,Sibynomorphus,1
Sibynomorphus neuwiedi,Sibynomorphus,1
Sibynomorphus oligozonatus,Sibynomorphus,1
Sibynomorphus oneilli,Sibynomorphus,1
Sibynomorphus petersi,Sibynomorphus,1
Sibynomorphus turgidus,Sibynomorphus,1
Sibynomorphus vagrans,Sibynomorphus,1
Sibynomorphus vagus,Sibynomorphus,1
Sibynomorphus ventrimaculatus,Sibynomorphus,1
Sibynomorphus williamsi,Sibynomorphus,1
Hemibungarus hatori,Hemibungarus,1
Micrurus pacaraimie,Micrurus,1
Micrurus tricolor,Micrurus,1
Micrurus baliocoryphus,Micrurus,1
Micrurus brasiliensis,Micrurus,1
Naja nubiae,Naja,1
Micrurus tamaulipensis,Micrurus,1
Crotalus tancitarensis,Crotalus,1
Micrurus serranus,Micrurus,1
Micrurus oligoanellatus,Micrurus,1
Leptomicrurus renjifoi,Leptomicrurus,1
Naja sagittifera,Naja,1
Elapsoidea trapei,Elapsoidea,1
Laticauda frontalis,Laticauda,1
Micrurus camilae,Micrurus,1
Laticauda guineai,Laticauda,1
Laticauda saintgironsi,Laticauda,1
Brachyurophis roperi,Brachyurophis,1
Demansia calodera,Demansia,1
Demansia rufescens,Demansia,1
Aipysurus pooleorum,Aipysurus,1
Oxyuranus temporalis,Oxyuranus,1
Micrurus silviae,Micrurus,1
Bungarus slowinskii,Bungarus,1
Acanthophis laevis,Acanthophis,1
Acanthophis rugosus,Acanthophis,1
Pseudonaja aspidorhyncha,Pseudonaja,1
Pseudonaja mengdeni,Pseudonaja,1
Demansia angusticeps,Demansia,1
Demansia quaesitor,Demansia,1
Demansia flagellatio,Demansia,1
Demansia rimicola,Demansia,1
Demansia shinei,Demansia,1
Acanthophis hawkei,Acanthophis,1
Naja ashei,Naja,1
Naja senegalensis,Naja,1
Hydrophis donaldi,Hydrophis,1
Hydrophis hendersoni,Hydrophis,1
Hydrophis pachycercos,Hydrophis,1
Walterinnesia morgani,Walterinnesia,1
Atractaspis aterrima,Atractaspis,1
Atractaspis battersbyi,Atractaspis,1
Atractaspis boulengeri,Atractaspis,1
Atractaspis coalescens,Atractaspis,1
Atractaspis congica,Atractaspis,1
Atractaspis corpulenta,Atractaspis,1
Atractaspis duerdeni,Atractaspis,1
Atractaspis engaddensis,Atractaspis,1
Atractaspis engdahli,Atractaspis,1
Atractaspis fallax,Atractaspis,1
Atractaspis irregularis,Atractaspis,1
Atractaspis leucomelas,Atractaspis,1
Atractaspis micropholis,Atractaspis,1
Atractaspis reticulata,Atractaspis,1
Atractaspis scorteccii,Atractaspis,1
Bitis rhinoceros,Bitis,1
Pseudechis butleri,Pseudechis,1
Pseudechis weigeli,Pseudechis,1
Pseudechis rossignolii,Pseudechis,1
Pseudechis pailsei,Pseudechis,1
Cerastes gasperettii,Cerastes,1
Echis multisquamatus,Echis,1
Echis sochureki,Echis,1
Montivipera albicornuta,Montivipera,1
Montivipera raddei,Montivipera,1
Montivipera wagneri,Montivipera,1
Vipera berus,Vipera,1
Macrovipera lebetina,Macrovipera,1
Vipera renardi,Vipera,1
Hypnale hypnale,Hypnale,1
Hypnale nepa,Hypnale,1
Hypnale walli,Hypnale,1
Ovophis chaseni,Ovophis,1
Ovophis monticola,Ovophis,1
Trimeresurus borneensis,Trimeresurus,1
Trimeresurus brongersmai,Trimeresurus,1
Trimeresurus cantori,Trimeresurus,1
Protobothrops cornutus,Protobothrops,1
Trimeresurus erythrurus,Trimeresurus,1
Trimeresurus fasciatus,Trimeresurus,1
Trimeresurus gramineus,Trimeresurus,1
Trimeresurus hageni,Trimeresurus,1
Tropidolaemus huttoni,Tropidolaemus,1
Protobothrops jerdonii,Protobothrops,1
Trimeresurus kanburiensis,Trimeresurus,1
Protobothrops kaulbacki,Protobothrops,1
Trimeresurus purpureomaculatus,Trimeresurus,1
Trimeresurus strigatus,Trimeresurus,1
Trimeresurus sumatranus,Trimeresurus,1
Ovophis tonkinensis,Ovophis,1
Protobothrops xiangchengensis,Protobothrops,1
Trimeresurus septentrionalis,Trimeresurus,1
Trimeresurus insularis,Trimeresurus,1
Thelotornis kirtlandi,Thelotornis,1
Atheris ceratophora,Atheris,1
Atheris chloroechis,Atheris,1
Atheris desaixi,Atheris,1
Montatheris hindii,Montatheris,1
Atheris hispida,Atheris,1
Atheris katangensis,Atheris,1
Atheris nitschei,Atheris,1
Atheris squamigera,Atheris,1
Proatheris superciliaris,Proatheris,1
Cerastes vipera,Cerastes,1
Echis coloratus,Echis,1
Echis leucogaster,Echis,1
Echis ocellatus,Echis,1
Echis pyramidum,Echis,1
Montivipera bornmuelleri,Montivipera,1
Vipera latastei,Vipera,1
Echis hughesi,Echis,1
Echis jogeri,Echis,1
Echis khosatskii,Echis,1
Echis megalocephalus,Echis,1
Vipera aspis,Vipera,1
Montivipera albizona,Montivipera,1
Vipera barani,Vipera,1
Montivipera bulgardaghica,Montivipera,1
Vipera darevskii,Vipera,1
Vipera dinniki,Vipera,1
Vipera eriwanensis,Vipera,1
Vipera kaznakovi,Vipera,1
Vipera lotievi,Vipera,1
Vipera monticola,Vipera,1
Macrovipera mauritanica,Macrovipera,1
Macrovipera schweizeri,Macrovipera,1
Vipera pontica,Vipera,1
Vipera ursinii,Vipera,1
Vipera seoanei,Vipera,1
Macrovipera deserti,Macrovipera,1
Agkistrodon bilineatus,Agkistrodon,1
Agkistrodon taylori,Agkistrodon,1
Agkistrodon contortrix,Agkistrodon,1
Agkistrodon piscivorus,Agkistrodon,1
Lachesis melanocephala,Lachesis,1
Lachesis stenophrys,Lachesis,1
Porthidium dunni,Porthidium,1
Porthidium hespere,Porthidium,1
Bothrocophias hyoprora,Bothrocophias,1
Porthidium lansbergii,Porthidium,1
Porthidium nasutum,Porthidium,1
Porthidium ophryomegas,Porthidium,1
Porthidium volcanicum,Porthidium,1
Porthidium yucatanicum,Porthidium,1
Atropoides nummifer,Atropoides,1
Atropoides olmec,Atropoides,1
Atropoides picadoi,Atropoides,1
Cerrophidion barbouri,Cerrophidion,1
Cerrophidion godmani,Cerrophidion,1
Cerrophidion tzotzilorum,Cerrophidion,1
Ophryacus undulatus,Ophryacus,1
Ophryacus melanurus,Ophryacus,1
Bothriechis aurifer,Bothriechis,1
Bothriechis bicolor,Bothriechis,1
Bothriechis lateralis,Bothriechis,1
Bothriechis marchi,Bothriechis,1
Bothriechis nigroviridis,Bothriechis,1
Bothriechis rowleyi,Bothriechis,1
Bothrops oligolepis,Bothrops,1
Bothrops bilineata,Bothrops,1
Bothrops medusa,Bothrops,1
Bothrops punctatus,Bothrops,1
Bothrops taeniata,Bothrops,1
Bothrocophias andianus,Bothrocophias,1
Bothrops asper,Bothrops,1
Bothrops barnetti,Bothrops,1
Bothrops brazili,Bothrops,1
Bothrops caribbaeus,Bothrops,1
Bothrops fonsecai,Bothrops,1
Bothrops iglesiasi,Bothrops,1
Bothrops insularis,Bothrops,1
Bothrops itapetiningae,Bothrops,1
Bothrops lanceolatus,Bothrops,1
Bothrops lojanus,Bothrops,1
Bothrops marajoensis,Bothrops,1
Bothrocophias microphthalmus,Bothrocophias,1
Bothrocophias colombianus,Bothrocophias,1
Bothrops pictus,Bothrops,1
Bothrops pirajai,Bothrops,1
Bothrops pradoi,Bothrops,1
Bothrops pulchra,Bothrops,1
Bothrops roedingeri,Bothrops,1
Bothrops sanctaecrucis,Bothrops,1
Bothrops venezuelensis,Bothrops,1
Bothrops xanthogrammus,Bothrops,1
Bothrops jonathani,Bothrops,1
Hemiaspis damelii,Hemiaspis,1
Hemiaspis signata,Hemiaspis,1
Ovophis zayuensis,Ovophis,1
Atheris rungweensis,Atheris,1
Atheris acuminata,Atheris,1
Atheris broadleyi,Atheris,1
Bothrops alcatraz,Bothrops,1
Atheris subocularis,Atheris,1
Atheris hirsuta,Atheris,1
Bothrops muriciensis,Bothrops,1
Bothriechis thalassinus,Bothriechis,1
Trimeresurus vogeli,Trimeresurus,1
Thelotornis mossambicanus,Thelotornis,1
Thelotornis usambaricus,Thelotornis,1
Bothrocophias myersi,Bothrocophias,1
Bothrocophias campbelli,Bothrocophias,1
Trimeresurus malcolmi,Trimeresurus,1
Bothrops oligolepsis,Bothrops,1
Vipera magnifica,Vipera,1
Vipera orlovi,Vipera,1
Rhabdophis adleri,Rhabdophis,1
Rhabdophis angeli,Rhabdophis,1
Rhabdophis auriculata,Rhabdophis,1
Rhabdophis barbouri,Rhabdophis,1
Rhabdophis callichroma,Rhabdophis,1
Rhabdophis chrysargoides,Rhabdophis,1
Rhabdophis chrysargos,Rhabdophis,1
Rhabdophis conspicillatus,Rhabdophis,1
Rhabdophis himalayanus,Rhabdophis,1
Rhabdophis leonardi,Rhabdophis,1
Rhabdophis lineatus,Rhabdophis,1
Rhabdophis murudensis,Rhabdophis,1
Rhabdophis nigrocinctus,Rhabdophis,1
Rhabdophis nuchalis,Rhabdophis,1
Rhabdophis spilogaster,Rhabdophis,1
Rhabdophis swinhonis,Rhabdophis,1
Vipera anatolica,Vipera,1
Vipera ebneri,Vipera,1
Cerrophidion petlalcalensis,Cerrophidion,1
Echis omanensis,Echis,1
Porthidium porrasi,Porthidium,1
Lachesis acrochorda,Lachesis,1
Bothrops osbornei,Bothrops,1
Atropoides mexicanus,Atropoides,1
Atropoides occiduus,Atropoides,1
Trimeresurus venustus,Trimeresurus,1
Trimeresurus andersoni,Trimeresurus,1
Tropidolaemus subannulatus,Tropidolaemus,1
Tropidolaemus philippinensis,Tropidolaemus,1
Tropidolaemus laticinctus,Tropidolaemus,1
Bothrops diporus,Bothrops,1
Bothrops lutzi,Bothrops,1
Bothrops matogrossensis,Bothrops,1
Bothrops pauloensis,Bothrops,1
Bothrops marmoratus,Bothrops,1
Crotalus ornatus,Crotalus,1
Rhinoplocephalus bicolor,Rhinoplocephalus,1
Cryptophis boschmai,Cryptophis,1
Cryptophis incredibilis,Cryptophis,1
Cryptophis nigrostriatus,Cryptophis,1
Cryptophis pallidiceps,Cryptophis,1
Sistrurus miliarius,Sistrurus,1
Balanophis ceylonensis,Balanophis,0
Boiga ceylonensis,Boiga,0
Boiga forsteni,Boiga,0
Cerberus rhynchops,Cerberus,0
Hemorrhois ravergieri,Hemorrhois,0
Platyceps rhodorachis,Platyceps,0
Enhydris enhydris,Enhydris,0
Amplorhinus multimaculatus,Amplorhinus,0
Crotaphopeltis hotamboeia,Crotaphopeltis,0
Madagascarophis meridionalis,Madagascarophis,0
Psammophis biseriatus,Psammophis,0
Psammophis phillipsii,Psammophis,0
Psammophis sibilians,Psammophis,0
Psammophylax rhombeatus,Psammophylax,0
Psammophylax tritaeniatus,Psammophylax,0
Telescopus semiannulatus,Telescopus,0
Boiga andamanensis,Boiga,0
Boiga angulata,Boiga,0
Boiga barnesii,Boiga,0
Boiga beddomei,Boiga,0
Boiga cyanea,Boiga,0
Boiga cynodon,Boiga,0
Boiga dightoni,Boiga,0
Boiga drapiezii,Boiga,0
Boiga gokool,Boiga,0
Boiga guangxiensis,Boiga,0
Boiga jaspidea,Boiga,0
Boiga kraepelini,Boiga,0
Boiga multifasciata,Boiga,0
Boiga multomaculata,Boiga,0
Boiga nigriceps,Boiga,0
Boiga nuchalis,Boiga,0
Boiga siamensis,Boiga,0
Boiga ochracea,Boiga,0
Boiga philippina,Boiga,0
Boiga quincunciata,Boiga,0
Boiga saengsomi,Boiga,0
Boiga trigonata,Boiga,0
Boiga wallachi,Boiga,0
Cerberus microlepis,Cerberus,0
Cantoria annulata,Cantoria,0
Cantoria violacea,Cantoria,0
Dendrelaphis bifrenalis,Dendrelaphis,0
Dendrelaphis calligastra,Dendrelaphis,0
Dendrelaphis caudolineatus,Dendrelaphis,0
Dendrelaphis cyanochloris,Dendrelaphis,0
Dendrelaphis formosus,Dendrelaphis,0
Dendrelaphis gastrosticus,Dendrelaphis,0
Dendrelaphis gorei,Dendrelaphis,0
Dendrelaphis grandoculis,Dendrelaphis,0
Dendrelaphis humayuni,Dendrelaphis,0
Dendrelaphis inornatus,Dendrelaphis,0
Dendrelaphis lorentzi,Dendrelaphis,0
Dendrelaphis caudolineolata,Dendrelaphis,0
Dendrelaphis ngansonensis,Dendrelaphis,0
Dendrelaphis oliveri,Dendrelaphis,0
Dendrelaphis papuensis,Dendrelaphis,0
Dendrelaphis pictus,Dendrelaphis,0
Dendrelaphis punctulatus,Dendrelaphis,0
Dendrelaphis salomonis,Dendrelaphis,0
Dendrelaphis striatus,Dendrelaphis,0
Dendrelaphis subocularis,Dendrelaphis,0
Dendrelaphis tristis,Dendrelaphis,0
Enhydris albomaculata,Enhydris,0
Enhydris alternans,Enhydris,0
Enhydris bennettii,Enhydris,0
Enhydris bocourti,Enhydris,0
Enhydris chinensis,Enhydris,0
Enhydris doriae,Enhydris,0
Enhydris dussumieri,Enhydris,0
Enhydris indica,Enhydris,0
Enhydris innominata,Enhydris,0
Enhydris jagorii,Enhydris,0
Enhydris longicauda,Enhydris,0
Enhydris maculosa,Enhydris,0
Enhydris matannensis,Enhydris,0
Enhydris pahangensis,Enhydris,0
Enhydris pakistanica,Enhydris,0
Enhydris plumbea,Enhydris,0
Enhydris polylepis,Enhydris,0
Enhydris punctata,Enhydris,0
Enhydris sieboldi,Enhydris,0
Enhydris smithi,Enhydris,0
Fordonia leucobalia,Fordonia,0
Heurnia ventromaculata,Heurnia,0
Myron richardsonii,Myron,0
Stegonotus batjanensis,Stegonotus,0
Stegonotus borneensis,Stegonotus,0
Stegonotus cucullatus,Stegonotus,0
Stegonotus diehli,Stegonotus,0
Stegonotus dumerilii,Stegonotus,0
Stegonotus florensis,Stegonotus,0
Stegonotus guentheri,Stegonotus,0
Stegonotus heterurus,Stegonotus,0
Stegonotus modestus,Stegonotus,0
Stegonotus muelleri,Stegonotus,0
Stegonotus parvus,Stegonotus,0
Tropidonophis aenigmaticus,Tropidonophis,0
Tropidonophis dahlii,Tropidonophis,0
Tropidonophis dendrophiops,Tropidonophis,0
Tropidonophis doriae,Tropidonophis,0
Tropidonophis elongatus,Tropidonophis,0
Tropidonophis halmahericus,Tropidonophis,0
Tropidonophis hypomelas,Tropidonophis,0
Tropidonophis mairii,Tropidonophis,0
Tropidonophis mcdowelli,Tropidonophis,0
Tropidonophis montanus,Tropidonophis,0
Tropidonophis multiscutellatus,Tropidonophis,0
Tropidonophis negrosensis,Tropidonophis,0
Tropidonophis novaeguineae,Tropidonophis,0
Tropidonophis parkeri,Tropidonophis,0
Tropidonophis picturatus,Tropidonophis,0
Tropidonophis punctiventris,Tropidonophis,0
Tropidonophis statisticus,Tropidonophis,0
Tropidonophis truncatus,Tropidonophis,0
Ahaetulla dispar,Ahaetulla,0
Ahaetulla fasciolata,Ahaetulla,0
Ahaetulla fronticincta,Ahaetulla,0
Ahaetulla mycterizans,Ahaetulla,0
Ahaetulla perroteti,Ahaetulla,0
Ahaetulla prasina,Ahaetulla,0
Ahaetulla pulverulenta,Ahaetulla,0
Crotaphopeltis barotseensis,Crotaphopeltis,0
Crotaphopeltis braestrupi,Crotaphopeltis,0
Crotaphopeltis degeni,Crotaphopeltis,0
Crotaphopeltis hippocrepis,Crotaphopeltis,0
Crotaphopeltis tornieri,Crotaphopeltis,0
Hemorrhois algirus,Hemorrhois,0
Platyceps atayevi,Platyceps,0
Coluber bholanathi,Coluber,0
Coluber brevis,Coluber,0
Dolichophis caspius,Dolichophis,0
Coluber constrictor,Coluber,0
Dolichophis cypriensis,Dolichophis,0
Coluber dorri,Coluber,0
Coluber elegantissimus,Coluber,0
Platyceps florulentus,Platyceps,0
Hierophis gemonensis,Hierophis,0
Coluber gracilis,Coluber,0
Hemorrhois hippocrepis,Hemorrhois,0
Coluber insulanus,Coluber,0
Dolichophis jugularis,Dolichophis,0
Platyceps karelini,Platyceps,0
Coluber manseri,Coluber,0
Coluber messanai,Coluber,0
Coluber mormon,Coluber,0
Platyceps najadum,Platyceps,0
Hemorrhois nummifer,Hemorrhois,0
Platyceps rogersi,Platyceps,0
Coluber rubriceps,Coluber,0
Dolichophis schmidti,Dolichophis,0
Coluber scortecci,Coluber,0
Coluber sinai,Coluber,0
Coluber smithi,Coluber,0
Hemerophis socotrae,Hemerophis,0
Coluber somalicus,Coluber,0
Hierophis spinalis,Hierophis,0
Coluber taylori,Coluber,0
Coluber thomasi,Coluber,0
Coluber variabilis,Coluber,0
Platyceps ventromaculatus,Platyceps,0
Hierophis viridiflavus,Hierophis,0
Coluber vittacaudatus,Coluber,0
Coluber zebrinus,Coluber,0
Psammophis aegyptius,Psammophis,0
Psammophis angolensis,Psammophis,0
Psammophis ansorgii,Psammophis,0
Psammophis condanarus,Psammophis,0
Psammophis crucifer,Psammophis,0
Psammophis elegans,Psammophis,0
Psammophis jallae,Psammophis,0
Psammophis leightoni,Psammophis,0
Psammophis leithii,Psammophis,0
Psammophis lineolatus,Psammophis,0
Psammophis longifrons,Psammophis,0
Psammophis notostictus,Psammophis,0
Psammophis pulcher,Psammophis,0
Psammophis punctulatus,Psammophis,0
Psammophis rukwae,Psammophis,0
Psammophis schokari,Psammophis,0
Psammophis subtaeniatus,Psammophis,0
Psammophis trigrammus,Psammophis,0
Psammophylax variabilis,Psammophylax,0
Achalinus ater,Achalinus,0
Achalinus formosanus,Achalinus,0
Achalinus hainanus,Achalinus,0
Achalinus jinggangensis,Achalinus,0
Achalinus meiguensis,Achalinus,0
Achalinus niger,Achalinus,0
Achalinus rufescens,Achalinus,0
Achalinus spinalis,Achalinus,0
Adelophis copei,Adelophis,0
Adelophis foxi,Adelophis,0
Adelphicos daryi,Adelphicos,0
Adelphicos ibarrorum,Adelphicos,0
Adelphicos latifasciatus,Adelphicos,0
Adelphicos nigrilatum,Adelphicos,0
Adelphicos quadrivirgatus,Adelphicos,0
Adelphicos veraepacis,Adelphicos,0
Aeluroglena cucullata,Aeluroglena,0
Afronatrix anoscopus,Afronatrix,0
Alluaudina bellyi,Alluaudina,0
Alluaudina mocquardi,Alluaudina,0
Haitiophis anomalus,Haitiophis,0
Alsophis antiguae,Alsophis,0
Alsophis antillensis,Alsophis,0
Hypsirhynchus ater,Hypsirhynchus,0
Pseudalsophis biserialis,Pseudalsophis,0
Cubophis cantherigerus,Cubophis,0
Pseudalsophis elegans,Pseudalsophis,0
Hypsirhynchus melanichnus,Hypsirhynchus,0
Alsophis rijgersmaei,Alsophis,0
Alsophis rufiventris,Alsophis,0
Cubophis vudii,Cubophis,0
Amastridium veliferum,Amastridium,0
Amphiesma atemporale,Amphiesma,0
Amphiesma beddomei,Amphiesma,0
Amphiesma bitaeniatum,Amphiesma,0
Amphiesma boulengeri,Amphiesma,0
Amphiesma celebicum,Amphiesma,0
Amphiesma concelarum,Amphiesma,0
Amphiesma craspedogaster,Amphiesma,0
Amphiesma deschauenseei,Amphiesma,0
Amphiesma flavifrons,Amphiesma,0
Amphiesma frenatum,Amphiesma,0
Amphiesma groundwateri,Amphiesma,0
Amphiesma inas,Amphiesma,0
Amphiesma ishigakiense,Amphiesma,0
Amphiesma johannis,Amphiesma,0
Amphiesma khasiense,Amphiesma,0
Amphiesma metusium,Amphiesma,0
Amphiesma miyajimae,Amphiesma,0
Amphiesma modesta,Amphiesma,0
Amphiesma monticola,Amphiesma,0
Amphiesma nicobariensis,Amphiesma,0
Amphiesma octolineatum,Amphiesma,0
Amphiesma optatum,Amphiesma,0
Amphiesma parallelum,Amphiesma,0
Amphiesma pealii,Amphiesma,0
Amphiesma petersii,Amphiesma,0
Amphiesma platyceps,Amphiesma,0
Amphiesma popei,Amphiesma,0
Amphiesma pryeri,Amphiesma,0
Amphiesma sanguineum,Amphiesma,0
Amphiesma sarasinorum,Amphiesma,0
Amphiesma sarawacense,Amphiesma,0
Amphiesma sauteri,Amphiesma,0
Amphiesma sieboldii,Amphiesma,0
Amphiesma stolatum,Amphiesma,0
Amphiesma venningi,Amphiesma,0
Amphiesma vibakari,Amphiesma,0
Amphiesma viperinum,Amphiesma,0
Amphiesma xenura,Amphiesma,0
Amphiesmoides ornaticeps,Amphiesmoides,0
Antillophis andreae,Antillophis,0
Antillophis parvifrons,Antillophis,0
Aplopeltura boa,Aplopeltura,0
Apostolepis ambinigra,Apostolepis,0
Apostolepis arenarius,Apostolepis,0
Apostolepis assimilis,Apostolepis,0
Apostolepis cearensis,Apostolepis,0
Apostolepis coronata,Apostolepis,0
Apostolepis dimidiata,Apostolepis,0
Apostolepis dorbignyi,Apostolepis,0
Apostolepis flavotorquata,Apostolepis,0
Apostolepis gaboi,Apostolepis,0
Apostolepis goiasensis,Apostolepis,0
Apostolepis intermedia,Apostolepis,0
Apostolepis longicaudata,Apostolepis,0
Apostolepis multicincta,Apostolepis,0
Apostolepis niceforoi,Apostolepis,0
Apostolepis nigroterminata,Apostolepis,0
Apostolepis phillipsi,Apostolepis,0
Apostolepis polylepis,Apostolepis,0
Apostolepis pymi,Apostolepis,0
Apostolepis quinquelineata,Apostolepis,0
Apostolepis quirogai,Apostolepis,0
Apostolepis tenuis,Apostolepis,0
Apostolepis vittata,Apostolepis,0
Argyrogena fasciolata,Argyrogena,0
Arizona elegans,Arizona,0
Arizona occidentalis,Arizona,0
Arrhyton ainictum,Arrhyton,0
Arrhyton callilaemum,Arrhyton,0
Arrhyton dolichura,Arrhyton,0
Arrhyton exiguum,Arrhyton,0
Arrhyton funereum,Arrhyton,0
Arrhyton landoi,Arrhyton,0
Arrhyton polylepis,Arrhyton,0
Arrhyton procerum,Arrhyton,0
Arrhyton redimitum,Arrhyton,0
Arrhyton supernum,Arrhyton,0
Arrhyton taeniatum,Arrhyton,0
Arrhyton tanyplectum,Arrhyton,0
Arrhyton vittatum,Arrhyton,0
Aspidura brachyorrhos,Aspidura,0
Aspidura copei,Aspidura,0
Aspidura deraniyagalae,Aspidura,0
Aspidura drummondhayi,Aspidura,0
Aspidura guentheri,Aspidura,0
Aspidura trachyprocta,Aspidura,0
Atractus albuquerquei,Atractus,0
Atractus alphonsehogei,Atractus,0
Atractus andinus,Atractus,0
Atractus arangoi,Atractus,0
Atractus badius,Atractus,0
Atractus balzani,Atractus,0
Atractus biseriatus,Atractus,0
Atractus bocki,Atractus,0
Atractus bocourti,Atractus,0
Atractus boettgeri,Atractus,0
Atractus boulengerii,Atractus,0
Atractus canedii,Atractus,0
Atractus carrioni,Atractus,0
Atractus clarki,Atractus,0
Atractus collaris,Atractus,0
Atractus crassicaudatus,Atractus,0
Atractus duidensis,Atractus,0
Atractus dunni,Atractus,0
Atractus ecuadorensis,Atractus,0
Atractus elaps,Atractus,0
Atractus emigdioi,Atractus,0
Atractus emmeli,Atractus,0
Atractus erythromelas,Atractus,0
Atractus favae,Atractus,0
Atractus flammigerus,Atractus,0
Atractus fuliginosus,Atractus,0
Atractus gaigeae,Atractus,0
Atractus guentheri,Atractus,0
Atractus indistinctus,Atractus,0
Atractus insipidus,Atractus,0
Atractus iridescens,Atractus,0
Atractus lancinii,Atractus,0
Atractus lasallei,Atractus,0
Atractus latifrons,Atractus,0
Atractus lehmanni,Atractus,0
Atractus limitaneus,Atractus,0
Atractus loveridgei,Atractus,0
Atractus maculatus,Atractus,0
Atractus major,Atractus,0
Atractus manizalesensis,Atractus,0
Atractus mariselae,Atractus,0
Atractus melanogaster,Atractus,0
Atractus melas,Atractus,0
Atractus micheli,Atractus,0
Atractus microrhynchus,Atractus,0
Atractus modestus,Atractus,0
Atractus multicinctus,Atractus,0
Atractus nicefori,Atractus,0
Atractus nigricaudus,Atractus,0
Atractus nigriventris,Atractus,0
Atractus obesus,Atractus,0
Atractus obtusirostris,Atractus,0
Atractus occidentalis,Atractus,0
Atractus occipitoalbus,Atractus,0
Atractus oculotemporalis,Atractus,0
Atractus pamplonensis,Atractus,0
Atractus pantostictus,Atractus,0
Atractus paravertebralis,Atractus,0
Atractus paucidens,Atractus,0
Atractus pauciscutatus,Atractus,0
Atractus peruvianus,Atractus,0
Atractus poeppigi,Atractus,0
Atractus potschi,Atractus,0
Atractus punctiventris,Atractus,0
Atractus resplendens,Atractus,0
Atractus reticulatus,Atractus,0
Atractus riveroi,Atractus,0
Atractus roulei,Atractus,0
Atractus sanctaemartae,Atractus,0
Atractus sanguineus,Atractus,0
Atractus schach,Atractus,0
Atractus serranus,Atractus,0
Atractus snethlageae,Atractus,0
Atractus steyermarki,Atractus,0
Atractus subbicinctum,Atractus,0
Atractus taeniatus,Atractus,0
Atractus torquatus,Atractus,0
Atractus trihedrurus,Atractus,0
Atractus trilineatus,Atractus,0
Atractus trivittatus,Atractus,0
Atractus univittatus,Atractus,0
Atractus variegatus,Atractus,0
Atractus ventrimaculatus,Atractus,0
Atractus vertebralis,Atractus,0
Atractus vertebrolineatus,Atractus,0
Atractus vittatus,Atractus,0
Atractus wagleri,Atractus,0
Atractus werneri,Atractus,0
Atractus zidoki,Atractus,0
Atretium schistosum,Atretium,0
Atretium yunnanensis,Atretium,0
Bitia hydroides,Bitia,0
Blythia reticulata,Blythia,0
Bogertophis rosaliae,Bogertophis,0
Bogertophis subocularis,Bogertophis,0
Boiruna sertaneja,Boiruna,0
Bothrolycus ater,Bothrolycus,0
Bothrophthalmus lineatus,Bothrophthalmus,0
Brachyorrhos albus,Brachyorrhos,0
Brygophis coulangesi,Brygophis,0
Buhoma depressiceps,Buhoma,0
Buhoma procterae,Buhoma,0
Buhoma vauerocegae,Buhoma,0
Calamaria abstrusa,Calamaria,0
Calamaria acutirostris,Calamaria,0
Calamaria albiventer,Calamaria,0
Calamaria alidae,Calamaria,0
Calamaria apraeocularis,Calamaria,0
Calamaria battersbyi,Calamaria,0
Calamaria bicolor,Calamaria,0
Calamaria bitorques,Calamaria,0
Calamaria boesemani,Calamaria,0
Calamaria borneensis,Calamaria,0
Calamaria brongersmai,Calamaria,0
Calamaria buchi,Calamaria,0
Calamaria ceramensis,Calamaria,0
Calamaria crassa,Calamaria,0
Calamaria curta,Calamaria,0
Calamaria doederleini,Calamaria,0
Calamaria eiselti,Calamaria,0
Calamaria everetti,Calamaria,0
Calamaria forcarti,Calamaria,0
Calamaria gervaisii,Calamaria,0
Calamaria grabowskyi,Calamaria,0
Calamaria gracillima,Calamaria,0
Calamaria griswoldi,Calamaria,0
Calamaria hilleniusi,Calamaria,0
Calamaria javanica,Calamaria,0
Calamaria joloensis,Calamaria,0
Calamaria lateralis,Calamaria,0
Calamaria lautensis,Calamaria,0
Calamaria leucogaster,Calamaria,0
Calamaria linnaei,Calamaria,0
Calamaria lowii,Calamaria,0
Calamaria lumbricoidea,Calamaria,0
Calamaria lumholtzi,Calamaria,0
Calamaria margaritophora,Calamaria,0
Calamaria mecheli,Calamaria,0
Calamaria melanota,Calamaria,0
Calamaria modesta,Calamaria,0
Calamaria muelleri,Calamaria,0
Calamaria nuchalis,Calamaria,0
Calamaria palavanensis,Calamaria,0
Calamaria pavimentata,Calamaria,0
Calamaria pfefferi,Calamaria,0
Calamaria prakkei,Calamaria,0
Calamaria rebentischi,Calamaria,0
Calamaria schlegelii,Calamaria,0
Calamaria schmidti,Calamaria,0
Calamaria septentrionalis,Calamaria,0
Calamaria suluensis,Calamaria,0
Calamaria sumatrana,Calamaria,0
Calamaria ulmeri,Calamaria,0
Calamaria virgulata,Calamaria,0
Calamaria yunnanensis,Calamaria,0
Calamodontophis paucidens,Calamodontophis,0
Calamorhabdium acuticeps,Calamorhabdium,0
Calamorhabdium kuekenthali,Calamorhabdium,0
Carphophis amoenus,Carphophis,0
Carphophis vermis,Carphophis,0
Cemophora coccinea,Cemophora,0
Cercaspis carinatus,Cercaspis,0
Cercophis auratus,Cercophis,0
Chamaelycus christyi,Chamaelycus,0
Chamaelycus fasciatus,Chamaelycus,0
Chamaelycus parkeri,Chamaelycus,0
Chamaelycus werneri,Chamaelycus,0
Chapinophis xanthocheilus,Chapinophis,0
Chersodromus liebmanni,Chersodromus,0
Chersodromus rubriventris,Chersodromus,0
Chilomeniscus savagei,Chilomeniscus,0
Chilomeniscus stramineus,Chilomeniscus,0
Chionactis occipitalis,Chionactis,0
Chionactis palarostris,Chionactis,0
Chionactis saxatilis,Chionactis,0
Chironius bicarinatus,Chironius,0
Chironius carinatus,Chironius,0
Chironius exoletus,Chironius,0
Chironius flavolineatus,Chironius,0
Chironius fuscus,Chironius,0
Chironius grandisquamis,Chironius,0
Chironius laevicollis,Chironius,0
Chironius laurenti,Chironius,0
Chironius monticola,Chironius,0
Chironius multiventris,Chironius,0
Chironius quadricarinatus,Chironius,0
Chironius scurrulus,Chironius,0
Chironius vincenti,Chironius,0
Chrysopelea ornata,Chrysopelea,0
Chrysopelea paradisi,Chrysopelea,0
Chrysopelea pelias,Chrysopelea,0
Chrysopelea rhodopleuron,Chrysopelea,0
Chrysopelea taprobanica,Chrysopelea,0
Clelia bicolor,Clelia,0
Clelia clelia,Clelia,0
Clelia equatoriana,Clelia,0
Clelia errabunda,Clelia,0
Clelia montana,Clelia,0
Clelia quimi,Clelia,0
Clelia rustica,Clelia,0
Clelia scytalina,Clelia,0
Clonophis kirtlandii,Clonophis,0
Collorhabdium williamsoni,Collorhabdium,0
Compsophis albiventris,Compsophis,0
Coniophanes alvarezi,Coniophanes,0
Coniophanes andresensis,Coniophanes,0
Coniophanes bipunctatus,Coniophanes,0
Coniophanes dromiciformis,Coniophanes,0
Coniophanes fissidens,Coniophanes,0
Coniophanes frangivirgatus,Coniophanes,0
Coniophanes imperialis,Coniophanes,0
Coniophanes joanae,Coniophanes,0
Coniophanes lateritius,Coniophanes,0
Coniophanes longinquus,Coniophanes,0
Coniophanes meridanus,Coniophanes,0
Coniophanes piceivittis,Coniophanes,0
Coniophanes quinquevittatus,Coniophanes,0
Coniophanes schmidti,Coniophanes,0
Conophis lineatus,Conophis,0
Conophis pulcher,Conophis,0
Conophis vittatus,Conophis,0
Conopsis biserialis,Conopsis,0
Conopsis nasus,Conopsis,0
Contia tenuis,Contia,0
Coronella austriaca,Coronella,0
Coronella brachyura,Coronella,0
Coronella girondica,Coronella,0
Crisantophis nevermanni,Crisantophis,0
Cryophis hallbergi,Cryophis,0
Cryptophidion annamense,Cryptophidion,0
Cyclocorus lineatus,Cyclocorus,0
Cyclocorus nuchalis,Cyclocorus,0
Cyclophiops doriae,Cyclophiops,0
Cyclophiops major,Cyclophiops,0
Cyclophiops multicinctus,Cyclophiops,0
Cyclophiops semicarinatus,Cyclophiops,0
Darlingtonia haetiana,Darlingtonia,0
Dasypeltis atra,Dasypeltis,0
Dasypeltis fasciata,Dasypeltis,0
Dasypeltis inornata,Dasypeltis,0
Dasypeltis medici,Dasypeltis,0
Dasypeltis palmarum,Dasypeltis,0
Dasypeltis scabra,Dasypeltis,0
Dendrolycus elapoides,Dendrolycus,0
Dendrophidion bivittatus,Dendrophidion,0
Dendrophidion boshelli,Dendrophidion,0
Dendrophidion brunneus,Dendrophidion,0
Dendrophidion dendrophis,Dendrophidion,0
Dendrophidion nuchalis,Dendrophidion,0
Dendrophidion paucicarinatus,Dendrophidion,0
Dendrophidion percarinatus,Dendrophidion,0
Dendrophidion vinitor,Dendrophidion,0
Diadophis punctatus,Diadophis,0
Diaphorolepis laevis,Diaphorolepis,0
Diaphorolepis wagneri,Diaphorolepis,0
Dinodon flavozonatum,Dinodon,0
Dinodon gammiei,Dinodon,0
Dinodon orientale,Dinodon,0
Dinodon rosozonatum,Dinodon,0
Dinodon rufozonatum,Dinodon,0
Dinodon semicarinatum,Dinodon,0
Dinodon septentrionalis,Dinodon,0
Dipsadoboa aulicus,Dipsadoboa,0
Dipsadoboa brevirostris,Dipsadoboa,0
Dipsadoboa duchesnii,Dipsadoboa,0
Dipsadoboa flavida,Dipsadoboa,0
Dipsadoboa shrevei,Dipsadoboa,0
Dipsadoboa underwoodi,Dipsadoboa,0
Dipsadoboa unicolor,Dipsadoboa,0
Dipsadoboa viridis,Dipsadoboa,0
Dipsadoboa weileri,Dipsadoboa,0
Dipsadoboa werneri,Dipsadoboa,0
Dipsas albifrons,Dipsas,0
Dipsas articulata,Dipsas,0
Dipsas bicolor,Dipsas,0
Dipsas boettgeri,Dipsas,0
Dipsas brevifacies,Dipsas,0
Dipsas catesbyi,Dipsas,0
Dipsas chaparensis,Dipsas,0
Dipsas copei,Dipsas,0
Dipsas ellipsifera,Dipsas,0
Dipsas gaigeae,Dipsas,0
Dipsas gracilis,Dipsas,0
Dipsas incerta,Dipsas,0
Dipsas indica,Dipsas,0
Dipsas infrenalis,Dipsas,0
Dipsas latifasciata,Dipsas,0
Dipsas latifrontalis,Dipsas,0
Dipsas longicaudata,Dipsas,0
Dipsas maxillaris,Dipsas,0
Dipsas neivai,Dipsas,0
Dipsas oreas,Dipsas,0
Dipsas pavonina,Dipsas,0
Dipsas perijanensis,Dipsas,0
Dipsas peruana,Dipsas,0
Dipsas polylepis,Dipsas,0
Dipsas pratti,Dipsas,0
Dipsas sanctijoannis,Dipsas,0
Dipsas schunkii,Dipsas,0
Dipsas temporalis,Dipsas,0
Dipsas tenuissima,Dipsas,0
Dipsas variegata,Dipsas,0
Dipsas vermiculata,Dipsas,0
Dipsas viguieri,Dipsas,0
Dipsina multimaculata,Dipsina,0
Ditaxodon taeniatus,Ditaxodon,0
Ditypophis vivax,Ditypophis,0
Drepanoides anomalus,Drepanoides,0
Dromicodryas bernieri,Dromicodryas,0
Dromicodryas quadrilineatus,Dromicodryas,0
Dromophis lineatus,Dromophis,0
Dromophis praeornatus,Dromophis,0
Dryadophis cliftoni,Dryadophis,0
Dryadophis dorsalis,Dryadophis,0
Dryadophis melanolomus,Dryadophis,0
Drymarchon corais,Drymarchon,0
Drymarchon couperi,Drymarchon,0
Drymobius chloroticus,Drymobius,0
Drymobius margaritiferis,Drymobius,0
Drymobius melanotropis,Drymobius,0
Drymobius rhombifer,Drymobius,0
Drymoluber brazili,Drymoluber,0
Drymoluber dichrous,Drymoluber,0
Dryocalamus davisonii,Dryocalamus,0
Dryocalamus gracilis,Dryocalamus,0
Dryocalamus nympha,Dryocalamus,0
Dryocalamus philippinus,Dryocalamus,0
Dryocalamus subannulatus,Dryocalamus,0
Dryocalamus tristrigatus,Dryocalamus,0
Dryophiops philippina,Dryophiops,0
Dryophiops rubescens,Dryophiops,0
Duberria lutrix,Duberria,0
Duberria variegata,Duberria,0
Taeniophallus affinis,Taeniophallus,0
Echinanthera amoena,Echinanthera,0
Taeniophallus bilineata,Taeniophallus,0
Taeniophallus brevirostris,Taeniophallus,0
Echinanthera cephalomaculata,Echinanthera,0
Echinanthera cephalostriata,Echinanthera,0
Echinanthera cyanopleura,Echinanthera,0
Echinanthera melanostigma,Echinanthera,0
Taeniophallus occipitalis,Taeniophallus,0
Taeniophallus persimilis,Taeniophallus,0
Taeniophallus poecilopogon,Taeniophallus,0
Echinanthera undulata,Echinanthera,0
Eirenis africana,Eirenis,0
Eirenis aurolineatus,Eirenis,0
Eirenis barani,Eirenis,0
Eirenis collaris,Eirenis,0
Eirenis coronella,Eirenis,0
Eirenis coronelloides,Eirenis,0
Eirenis decemlineata,Eirenis,0
Eirenis eiselti,Eirenis,0
Eirenis hakkariensis,Eirenis,0
Eirenis levantinus,Eirenis,0
Eirenis lineomaculata,Eirenis,0
Eirenis medus,Eirenis,0
Eirenis modestus,Eirenis,0
Eirenis punctatolineatus,Eirenis,0
Eirenis rechingeri,Eirenis,0
Eirenis rothii,Eirenis,0
Eirenis thospitis,Eirenis,0
Elachistodon westermanni,Elachistodon,0
Elaphe bairdi,Elaphe,0
Elaphe bimaculata,Elaphe,0
Gonyosoma cantoris,Gonyosoma,0
Elaphe carinata,Elaphe,0
Elaphe climacophora,Elaphe,0
Elaphe conspicillata,Elaphe,0
Elaphe davidi,Elaphe,0
Elaphe dione,Elaphe,0
Elaphe emoryi,Elaphe,0
Elaphe erythrura,Elaphe,0
Elaphe flavirufa,Elaphe,0
Elaphe flavolineata,Elaphe,0
Elaphe gloydi,Elaphe,0
Elaphe guttata,Elaphe,0
Elaphe helena,Elaphe,0
Gonyosoma hodgsoni,Gonyosoma,0
Elaphe hohenackeri,Elaphe,0
Elaphe lineata,Elaphe,0
Elaphe longissima,Elaphe,0
Elaphe maculata,Elaphe,0
Elaphe mandarina,Elaphe,0
Elaphe moellendorffi,Elaphe,0
Elaphe obsoleta,Elaphe,0
Elaphe perlacea,Elaphe,0
Elaphe persica,Elaphe,0
Elaphe porphyracea,Elaphe,0
Elaphe quadrivirgata,Elaphe,0
Elaphe quatuorlineata,Elaphe,0
Elaphe radiata,Elaphe,0
Elaphe rufodorsata,Elaphe,0
Elaphe scalaris,Elaphe,0
Elaphe schrenckii,Elaphe,0
Elaphe situla,Elaphe,0
Elaphe subradiata,Elaphe,0
Elaphe taeniura,Elaphe,0
Elaphe vulpina,Elaphe,0
Elapoidis fusca,Elapoidis,0
Elapomorphus lepidus,Elapomorphus,0
Elapomorphus quinquelineatus,Elapomorphus,0
Elapomorphus spegazzinii,Elapomorphus,0
Elapomorphus wuchereri,Elapomorphus,0
Emmochliophis fugleri,Emmochliophis,0
Emmochliophis miops,Emmochliophis,0
Enuliophis sclateri,Enuliophis,0
Enulius bifoveatus,Enulius,0
Enulius flavitorques,Enulius,0
Enulius oligostichus,Enulius,0
Enulius roatanensis,Enulius,0
Eridiphas slevini,Eridiphas,0
Erpeton tentaculatus,Erpeton,0
Erythrolamprus aesculapii,Erythrolamprus,0
Erythrolamprus ocellatus,Erythrolamprus,0
Erythrolamprus bizona,Erythrolamprus,0
Erythrolamprus guentheri,Erythrolamprus,0
Erythrolamprus mimus,Erythrolamprus,0
Erythrolamprus pseudocorallus,Erythrolamprus,0
Etheridgeum pulchrum,Etheridgeum,0
Exallodontophis albignaci,Exallodontophis,0
Farancia abacura,Farancia,0
Farancia erytrogramma,Farancia,0
Ficimia hardyi,Ficimia,0
Ficimia olivacea,Ficimia,0
Ficimia publia,Ficimia,0
Ficimia ramirezi,Ficimia,0
Ficimia ruspator,Ficimia,0
Ficimia streckeri,Ficimia,0
Ficimia variegata,Ficimia,0
Fimbrios klossi,Fimbrios,0
Gastropyxis smaragdina,Gastropyxis,0
Geodipsas boulengeri,Geodipsas,0
Geodipsas infralineata,Geodipsas,0
Geodipsas laphystia,Geodipsas,0
Geodipsas vinckei,Geodipsas,0
Geodipsas zeny,Geodipsas,0
Geophis anocularis,Geophis,0
Geophis betaniensis,Geophis,0
Geophis bicolor,Geophis,0
Geophis blanchardi,Geophis,0
Geophis brachycephalus,Geophis,0
Geophis cancellatus,Geophis,0
Geophis carinosus,Geophis,0
Geophis chalybeus,Geophis,0
Geophis championi,Geophis,0
Geophis damiani,Geophis,0
Geophis downsi,Geophis,0
Geophis dubius,Geophis,0
Geophis duellmani,Geophis,0
Geophis dugesii,Geophis,0
Geophis dunni,Geophis,0
Geophis fulvoguttatus,Geophis,0
Geophis godmani,Geophis,0
Geophis hoffmanni,Geophis,0
Geophis immaculatus,Geophis,0
Geophis incomptus,Geophis,0
Geophis isthmicus,Geophis,0
Geophis laticinctus,Geophis,0
Geophis laticollaris,Geophis,0
Geophis latifrontalis,Geophis,0
Geophis maculiferus,Geophis,0
Geophis mutitorques,Geophis,0
Geophis nasalis,Geophis,0
Geophis nigrocinctus,Geophis,0
Geophis omiltemanus,Geophis,0
Geophis petersii,Geophis,0
Geophis pyburni,Geophis,0
Geophis rhodogaster,Geophis,0
Geophis rostralis,Geophis,0
Geophis russatus,Geophis,0
Geophis ruthveni,Geophis,0
Geophis sallaei,Geophis,0
Geophis semidoliatus,Geophis,0
Geophis sieboldi,Geophis,0
Geophis talamancae,Geophis,0
Geophis tarascae,Geophis,0
Geophis zeledoni,Geophis,0
Gerarda prevostiana,Gerarda,0
Gomesophis brasiliensis,Gomesophis,0
Gongylosoma baliodeirus,Gongylosoma,0
Gongylosoma longicauda,Gongylosoma,0
Gonionotophis brussauxi,Gonionotophis,0
Gonionotophis grantii,Gonionotophis,0
Gonionotophis klingi,Gonionotophis,0
Gonyophis margaritatus,Gonyophis,0
Gonyosoma frenata,Gonyosoma,0
Gonyosoma jansenii,Gonyosoma,0
Gonyosoma oxycephalum,Gonyosoma,0
Elaphe prasina,Elaphe,0
Grayia caesar,Grayia,0
Grayia ornata,Grayia,0
Grayia smythii,Grayia,0
Grayia tholloni,Grayia,0
Gyalopion canum,Gyalopion,0
Gyalopion quadrangulare,Gyalopion,0
Haplocercus ceylonensis,Haplocercus,0
Hapsidophrys lineatus,Hapsidophrys,0
Helicops angulatus,Helicops,0
Helicops carinicaudus,Helicops,0
Helicops danieli,Helicops,0
Helicops gomesi,Helicops,0
Helicops hagmanni,Helicops,0
Helicops hogei,Helicops,0
Helicops infrataeniatus,Helicops,0
Helicops leopardinus,Helicops,0
Helicops modestus,Helicops,0
Helicops pastazae,Helicops,0
Helicops petersi,Helicops,0
Helicops polylepis,Helicops,0
Helicops scalaris,Helicops,0
Helicops trivittatus,Helicops,0
Helicops yacu,Helicops,0
Helophis schoutedeni,Helophis,0
Hemirhagerrhis kelleri,Hemirhagerrhis,0
Hemirhagerrhis nototaenia,Hemirhagerrhis,0
Hemirhagerrhis viperina,Hemirhagerrhis,0
Heterodon nasicus,Heterodon,0
Heterodon platirhinos,Heterodon,0
Heterodon simus,Heterodon,0
Heteroliodon occipitalis,Heteroliodon,0
Hologerrhum philippinum,Hologerrhum,0
Homalopsis buccata,Homalopsis,0
Hormonotus modestus,Hormonotus,0
Hydrablabes periops,Hydrablabes,0
Hydrablabes praefrontalis,Hydrablabes,0
Hydraethiops laevis,Hydraethiops,0
Hydraethiops melanogaster,Hydraethiops,0
Hydrodynastes bicinctus,Hydrodynastes,0
Hydrodynastes gigas,Hydrodynastes,0
Hydromorphus concolor,Hydromorphus,0
Hydromorphus dunni,Hydromorphus,0
Hydrops martii,Hydrops,0
Hydrops triangularis,Hydrops,0
Hypsiglena tanzeri,Hypsiglena,0
Hypsiglena torquata,Hypsiglena,0
Hypsirhynchus ferox,Hypsirhynchus,0
Iguanognathus werneri,Iguanognathus,0
Ialtris agyrtes,Ialtris,0
Ialtris dorsalis,Ialtris,0
Ialtris parishi,Ialtris,0
Imantodes cenchoa,Imantodes,0
Imantodes gemmistratus,Imantodes,0
Imantodes inornatus,Imantodes,0
Imantodes lentiferus,Imantodes,0
Imantodes phantasma,Imantodes,0
Imantodes tenuissimus,Imantodes,0
Asthenodipsas laevis,Asthenodipsas,0
Asthenodipsas malaccanus,Asthenodipsas,0
Ithycyphus blanci,Ithycyphus,0
Ithycyphus goudoti,Ithycyphus,0
Ithycyphus miniatus,Ithycyphus,0
Ithycyphus oursi,Ithycyphus,0
Ithycyphus perineti,Ithycyphus,0
Lampropeltis alterna,Lampropeltis,0
Lampropeltis calligaster,Lampropeltis,0
Lampropeltis getula,Lampropeltis,0
Lampropeltis mexicana,Lampropeltis,0
Lampropeltis pyromelana,Lampropeltis,0
Lampropeltis ruthveni,Lampropeltis,0
Lampropeltis triangulum,Lampropeltis,0
Lampropeltis zonata,Lampropeltis,0
Lamprophis abyssinicus,Lamprophis,0
Lamprophis aurora,Lamprophis,0
Lamprophis erlangeri,Lamprophis,0
Lamprophis fiskii,Lamprophis,0
Lamprophis fuliginosus,Lamprophis,0
Lamprophis fuscus,Lamprophis,0
Lamprophis geometricus,Lamprophis,0
Lamprophis guttatus,Lamprophis,0
Lamprophis inornatus,Lamprophis,0
Lamprophis lineatus,Lamprophis,0
Lamprophis maculatus,Lamprophis,0
Lamprophis olivaceus,Lamprophis,0
Lamprophis swazicus,Lamprophis,0
Lamprophis virgatus,Lamprophis,0
Langaha alluaudi,Langaha,0
Langaha madagascariensis,Langaha,0
Langaha pseudoalluaudi,Langaha,0
Leptodeira annulata,Leptodeira,0
Leptodeira bakeri,Leptodeira,0
Leptodeira frenata,Leptodeira,0
Leptodeira maculata,Leptodeira,0
Leptodeira nigrofasciata,Leptodeira,0
Leptodeira punctata,Leptodeira,0
Leptodeira rubricata,Leptodeira,0
Leptodeira septentrionalis,Leptodeira,0
Leptodeira splendida,Leptodeira,0
Leptodrymus pulcherrimus,Leptodrymus,0
Leptophis ahaetulla,Leptophis,0
Leptophis cupreus,Leptophis,0
Leptophis depressirostris,Leptophis,0
Leptophis diplotropis,Leptophis,0
Leptophis mexicanus,Leptophis,0
Leptophis modestus,Leptophis,0
Leptophis nebulosus,Leptophis,0
Leptophis riveti,Leptophis,0
Leptophis santamartensis,Leptophis,0
Leptophis stimsoni,Leptophis,0
Limnophis bicolor,Limnophis,0
Liochlorophis vernalis,Liochlorophis,0
Leioheterodon geayi,Leioheterodon,0
Leioheterodon madagascariensis,Leioheterodon,0
Leioheterodon modestus,Leioheterodon,0
Lioheterophis iheringi,Lioheterophis,0
Liopeltis calamaria,Liopeltis,0
Liopeltis frenatus,Liopeltis,0
Liopeltis herminae,Liopeltis,0
Gongylosoma nicobariensis,Gongylosoma,0
Liopeltis philippinus,Liopeltis,0
Liopeltis rappi,Liopeltis,0
Gongylosoma scriptus,Gongylosoma,0
Liopeltis stoliczkae,Liopeltis,0
Liopeltis tricolor,Liopeltis,0
Liophidium apperti,Liophidium,0
Liophidium chabaudi,Liophidium,0
Liophidium mayottensis,Liophidium,0
Liophidium rhodogaster,Liophidium,0
Liophidium therezieni,Liophidium,0
Liophidium torquatum,Liophidium,0
Liophidium trilineatum,Liophidium,0
Liophidium vaillanti,Liophidium,0
Liopholidophis dolicocercus,Liopholidophis,0
Liopholidophis epistibes,Liopholidophis,0
Liopholidophis grandidieri,Liopholidophis,0
Liopholidophis infrasignatus,Liopholidophis,0
Liopholidophis lateralis,Liopholidophis,0
Liopholidophis rhadinaea,Liopholidophis,0
Liopholidophis stumpffi,Liopholidophis,0
Liopholidophis varius,Liopholidophis,0
Liophis albiceps,Liophis,0
Liophis almadensis,Liophis,0
Liophis andinus,Liophis,0
Liophis angustilineatus,Liophis,0
Liophis anomalus,Liophis,0
Liophis atraventer,Liophis,0
Liophis boursieri,Liophis,0
Liophis breviceps,Liophis,0
Liophis carajasensis,Liophis,0
Liophis ceii,Liophis,0
Liophis cobella,Liophis,0
Liophis cursor,Liophis,0
Liophis dilepis,Liophis,0
Liophis elegantissimus,Liophis,0
Liophis epinephelus,Liophis,0
Liophis festae,Liophis,0
Liophis flavifrenatus,Liophis,0
Liophis frenatus,Liophis,0
Liophis guentheri,Liophis,0
Liophis jaegeri,Liophis,0
Liophis janaleeae,Liophis,0
Liophis juliae,Liophis,0
Liophis leucogaster,Liophis,0
Liophis lineatus,Liophis,0
Liophis longiventris,Liophis,0
Liophis maryellenae,Liophis,0
Liophis melanauchen,Liophis,0
Liophis melanotus,Liophis,0
Liophis meridionalis,Liophis,0
Liophis miliaris,Liophis,0
Liophis ornatus,Liophis,0
Liophis paucidens,Liophis,0
Liophis perfuscus,Liophis,0
Liophis poecilogyrus,Liophis,0
Liophis problematicus,Liophis,0
Liophis reginae,Liophis,0
Liophis sagittifer,Liophis,0
Liophis steinbachi,Liophis,0
Liophis subocularis,Liophis,0
Liophis tachymenoides,Liophis,0
Liophis taeniurus,Liophis,0
Liophis torrenicola,Liophis,0
Liophis triscalis,Liophis,0
Liophis tristriatus,Liophis,0
Liophis typhlus,Liophis,0
Liophis vanzolinii,Liophis,0
Liophis viridis,Liophis,0
Liophis vitti,Liophis,0
Liophis williamsi,Liophis,0
Lepturophis albofuscus,Lepturophis,0
Lycodon alcalai,Lycodon,0
Lycodon aulicus,Lycodon,0
Lycodon bibonius,Lycodon,0
Lycodon butleri,Lycodon,0
Lycodon capucinus,Lycodon,0
Lycodon chrysoprateros,Lycodon,0
Lycodon dumerili,Lycodon,0
Lycodon effraenis,Lycodon,0
Lycodon fasciatus,Lycodon,0
Lycodon ferroni,Lycodon,0
Lycodon flavomaculatus,Lycodon,0
Lycodon jara,Lycodon,0
Lycodon kundui,Lycodon,0
Lycodon laoensis,Lycodon,0
Lycodon mackinnoni,Lycodon,0
Lycodon muelleri,Lycodon,0
Lycodon osmanhilli,Lycodon,0
Lycodon paucifasciatus,Lycodon,0
Lycodon ruhstrati,Lycodon,0
Lycodon solivagus,Lycodon,0
Lycodon stormi,Lycodon,0
Lycodon striatus,Lycodon,0
Lycodon subcinctus,Lycodon,0
Lycodon tessellatus,Lycodon,0
Lycodon tiwarii,Lycodon,0
Lycodon travancoricus,Lycodon,0
Lycodonomorphus bicolor,Lycodonomorphus,0
Lycodonomorphus laevissimus,Lycodonomorphus,0
Lycodonomorphus leleupi,Lycodonomorphus,0
Lycodonomorphus rufulus,Lycodonomorphus,0
Lycodonomorphus subtaeniatus,Lycodonomorphus,0
Lycodonomorphus whytii,Lycodonomorphus,0
Lycodryas maculatus,Lycodryas,0
Lycodryas sanctijohannis,Lycodryas,0
Lycophidion acutirostre,Lycophidion,0
Lycophidion albomaculatum,Lycophidion,0
Lycophidion capense,Lycophidion,0
Lycophidion depressirostre,Lycophidion,0
Lycophidion hellmichi,Lycophidion,0
Lycophidion irroratum,Lycophidion,0
Lycophidion laterale,Lycophidion,0
Lycophidion meleagris,Lycophidion,0
Lycophidion namibianum,Lycophidion,0
Lycophidion nanus,Lycophidion,0
Lycophidion nigromaculatum,Lycophidion,0
Lycophidion ornatum,Lycophidion,0
Lycophidion pygmaeum,Lycophidion,0
Lycophidion semiannule,Lycophidion,0
Lycophidion semicinctum,Lycophidion,0
Lycophidion taylori,Lycophidion,0
Lycophidion uzungwense,Lycophidion,0
Lycophidion variegatum,Lycophidion,0
Lystrophis dorbignyi,Lystrophis,0
Lystrophis histricus,Lystrophis,0
Lystrophis matogrossensis,Lystrophis,0
Lystrophis pulcher,Lystrophis,0
Lystrophis semicinctus,Lystrophis,0
Lytorhynchus diadema,Lytorhynchus,0
Lytorhynchus gasperetti,Lytorhynchus,0
Lytorhynchus kennedyi,Lytorhynchus,0
Lytorhynchus maynardi,Lytorhynchus,0
Lytorhynchus paradoxus,Lytorhynchus,0
Lytorhynchus ridgewayi,Lytorhynchus,0
Macrocalamus jasoni,Macrocalamus,0
Macrocalamus lateralis,Macrocalamus,0
Macrocalamus schulzi,Macrocalamus,0
Macrocalamus tweediei,Macrocalamus,0
Macropisthodon flaviceps,Macropisthodon,0
Macropisthodon plumbicolor,Macropisthodon,0
Macropisthodon rhodomelas,Macropisthodon,0
Macropisthodon rudis,Macropisthodon,0
Macroprotodon cucullatus,Macroprotodon,0
Madagascarophis citrinus,Madagascarophis,0
Madagascarophis colubrinus,Madagascarophis,0
Madagascarophis ocellatus,Madagascarophis,0
Manolepis putnami,Manolepis,0
Masticophis anthonyi,Masticophis,0
Masticophis aurigulus,Masticophis,0
Masticophis bilineatus,Masticophis,0
Masticophis flagellum,Masticophis,0
Masticophis lateralis,Masticophis,0
Masticophis lineolatus,Masticophis,0
Masticophis mentovarius,Masticophis,0
Masticophis schotti,Masticophis,0
Masticophis taeniatus,Masticophis,0
Mastigodryas amarali,Mastigodryas,0
Mastigodryas bifossatus,Mastigodryas,0
Mastigodryas boddaerti,Mastigodryas,0
Mastigodryas bruesi,Mastigodryas,0
Mastigodryas danieli,Mastigodryas,0
Mastigodryas heathii,Mastigodryas,0
Mastigodryas pleei,Mastigodryas,0
Mastigodryas pulchriceps,Mastigodryas,0
Mastigodryas sanguiventris,Mastigodryas,0
Mehelya capensis,Mehelya,0
Mehelya crossi,Mehelya,0
Mehelya egbensis,Mehelya,0
Mehelya guirali,Mehelya,0
Mehelya laurenti,Mehelya,0
Mehelya nyassae,Mehelya,0
Mehelya poensis,Mehelya,0
Mehelya riggenbachi,Mehelya,0
Mehelya stenophthalmus,Mehelya,0
Mehelya vernayi,Mehelya,0
Meizodon coronatus,Meizodon,0
Meizodon krameri,Meizodon,0
Meizodon plumbiceps,Meizodon,0
Meizodon regularis,Meizodon,0
Meizodon semiornatus,Meizodon,0
Micropisthodon ochraceus,Micropisthodon,0
Mimophis mahfalensis,Mimophis,0
Montaspis gilvomaculata,Montaspis,0
Myersophis alpestris,Myersophis,0
Natriciteres fuliginoides,Natriciteres,0
Natriciteres olivacea,Natriciteres,0
Natriciteres variegata,Natriciteres,0
Natrix maura,Natrix,0
Natrix megalocephala,Natrix,0
Natrix natrix,Natrix,0
Natrix tessellata,Natrix,0
Nerodia clarkii,Nerodia,0
Nerodia cyclopion,Nerodia,0
Nerodia erythrogaster,Nerodia,0
Nerodia fasciata,Nerodia,0
Nerodia floridana,Nerodia,0
Nerodia harteri,Nerodia,0
Nerodia paucimaculata,Nerodia,0
Nerodia rhombifera,Nerodia,0
Nerodia sipedon,Nerodia,0
Nerodia taxispilota,Nerodia,0
Ninia atrata,Ninia,0
Ninia celata,Ninia,0
Ninia diademata,Ninia,0
Ninia espinali,Ninia,0
Ninia hudsoni,Ninia,0
Ninia maculata,Ninia,0
Ninia pavimentata,Ninia,0
Ninia psephota,Ninia,0
Ninia sebae,Ninia,0
Nothopsis rugosus,Nothopsis,0
Oligodon affinis,Oligodon,0
Oligodon albocinctus,Oligodon,0
Oligodon ancorus,Oligodon,0
Oligodon annulifer,Oligodon,0
Oligodon arnensis,Oligodon,0
Oligodon barroni,Oligodon,0
Elaphe bella,Elaphe,0
Oligodon bitorquatus,Oligodon,0
Oligodon brevicauda,Oligodon,0
Oligodon templetoni,Oligodon,0
Oligodon catenatus,Oligodon,0
Oligodon chinensis,Oligodon,0
Oligodon cinereus,Oligodon,0
Oligodon cruentatus,Oligodon,0
Oligodon cyclurus,Oligodon,0
Oligodon dorsalis,Oligodon,0
Oligodon durheimi,Oligodon,0
Oligodon eberhardti,Oligodon,0
Oligodon erythrogaster,Oligodon,0
Oligodon erythrorhachis,Oligodon,0
Oligodon everetti,Oligodon,0
Oligodon forbesi,Oligodon,0
Oligodon formosanus,Oligodon,0
Oligodon hamptoni,Oligodon,0
Oligodon inornatus,Oligodon,0
Oligodon joynsoni,Oligodon,0
Oligodon juglandifer,Oligodon,0
Oligodon kunmingensis,Oligodon,0
Oligodon lacroixi,Oligodon,0
Oligodon lungshenensis,Oligodon,0
Oligodon macrurus,Oligodon,0
Oligodon maculatus,Oligodon,0
Oligodon mcdougalli,Oligodon,0
Oligodon melaneus,Oligodon,0
Oligodon melanozonatus,Oligodon,0
Oligodon meyerinkii,Oligodon,0
Oligodon modestus,Oligodon,0
Oligodon mouhoti,Oligodon,0
Oligodon multizonatus,Oligodon,0
Oligodon nikhili,Oligodon,0
Oligodon ningshaanensis,Oligodon,0
Oligodon notospilus,Oligodon,0
Oligodon ocellatus,Oligodon,0
Oligodon octolineatus,Oligodon,0
Oligodon ornatus,Oligodon,0
Oligodon perkinsi,Oligodon,0
Oligodon petronellae,Oligodon,0
Oligodon planiceps,Oligodon,0
Oligodon praefrontalis,Oligodon,0
Oligodon pulcherrimus,Oligodon,0
Oligodon purpurascens,Oligodon,0
Oligodon rhombifer,Oligodon,0
Oligodon semicinctus,Oligodon,0
Oligodon signatus,Oligodon,0
Oligodon splendidus,Oligodon,0
Oligodon subcarinatus,Oligodon,0
Oligodon sublineatus,Oligodon,0
Oligodon taeniatus,Oligodon,0
Oligodon taeniolatus,Oligodon,0
Oligodon theobaldi,Oligodon,0
Oligodon torquatus,Oligodon,0
Oligodon travancoricus,Oligodon,0
Oligodon trilineatus,Oligodon,0
Oligodon venustus,Oligodon,0
Oligodon vertebralis,Oligodon,0
Oligodon waandersi,Oligodon,0
Oligodon woodmasoni,Oligodon,0
Opheodrys aestivus,Opheodrys,0
Opisthotropis alcalai,Opisthotropis,0
Opisthotropis andersonii,Opisthotropis,0
Opisthotropis balteatus,Opisthotropis,0
Opisthotropis boonsongi,Opisthotropis,0
Opisthotropis daovantieni,Opisthotropis,0
Opisthotropis guangxiensis,Opisthotropis,0
Opisthotropis jacobi,Opisthotropis,0
Opisthotropis kikuzatoi,Opisthotropis,0
Opisthotropis kuatunensis,Opisthotropis,0
Opisthotropis lateralis,Opisthotropis,0
Opisthotropis latouchii,Opisthotropis,0
Opisthotropis maxwelli,Opisthotropis,0
Opisthotropis praemaxillaris,Opisthotropis,0
Opisthotropis rugosa,Opisthotropis,0
Opisthotropis spenceri,Opisthotropis,0
Opisthotropis typica,Opisthotropis,0
Oreocalamus hanitschi,Oreocalamus,0
Oxybelis aeneus,Oxybelis,0
Oxybelis brevirostris,Oxybelis,0
Oxybelis fulgidus,Oxybelis,0
Oxybelis wilsoni,Oxybelis,0
Oxyrhabdium leporinum,Oxyrhabdium,0
Oxyrhabdium modestum,Oxyrhabdium,0
Oxyrhopus clathratus,Oxyrhopus,0
Oxyrhopus doliatus,Oxyrhopus,0
Oxyrhopus fitzingeri,Oxyrhopus,0
Oxyrhopus formosus,Oxyrhopus,0
Oxyrhopus guibei,Oxyrhopus,0
Oxyrhopus leucomelas,Oxyrhopus,0
Oxyrhopus marcapatae,Oxyrhopus,0
Oxyrhopus melanogenys,Oxyrhopus,0
Oxyrhopus petola,Oxyrhopus,0
Oxyrhopus rhombifer,Oxyrhopus,0
Oxyrhopus trigeminus,Oxyrhopus,0
Oxyrhopus venezuelanus,Oxyrhopus,0
Pararhabdophis chapaensis,Pararhabdophis,0
Parahelicops annamensis,Parahelicops,0
Pararhadinaea melanogaster,Pararhadinaea,0
Pareas boulengeri,Pareas,0
Pareas carinatus,Pareas,0
Pareas chinensis,Pareas,0
Pareas formosensis,Pareas,0
Pareas hamptoni,Pareas,0
Pareas iwasakii,Pareas,0
Pareas macularius,Pareas,0
Pareas margaritophorus,Pareas,0
Pareas monticola,Pareas,0
Pareas nuchalis,Pareas,0
Pareas stanleyi,Pareas,0
Asthenodipsas vertebralis,Asthenodipsas,0
Phalotris bilineatus,Phalotris,0
Phalotris concolor,Phalotris,0
Phalotris lativittatus,Phalotris,0
Phalotris mertensi,Phalotris,0
Phalotris multipunctatus,Phalotris,0
Phalotris nasutus,Phalotris,0
Phalotris nigrilatus,Phalotris,0
Phalotris punctatus,Phalotris,0
Phalotris tricolor,Phalotris,0
Philothamnus angolensis,Philothamnus,0
Philothamnus battersbyi,Philothamnus,0
Philothamnus bequaerti,Philothamnus,0
Philothamnus carinatus,Philothamnus,0
Philothamnus dorsalis,Philothamnus,0
Philothamnus girardi,Philothamnus,0
Philothamnus heterodermus,Philothamnus,0
Philothamnus heterolepidotus,Philothamnus,0
Philothamnus hoplogaster,Philothamnus,0
Philothamnus hughesi,Philothamnus,0
Philothamnus irregularis,Philothamnus,0
Philothamnus macrops,Philothamnus,0
Philothamnus natalensis,Philothamnus,0
Philothamnus nitidus,Philothamnus,0
Philothamnus ornatus,Philothamnus,0
Philothamnus punctatus,Philothamnus,0
Philothamnus semivariegatus,Philothamnus,0
Philothamnus thomensis,Philothamnus,0
Phimophis chui,Phimophis,0
Phimophis guerini,Phimophis,0
Phimophis guianensis,Phimophis,0
Phimophis iglesiasi,Phimophis,0
Phimophis scriptorcibatus,Phimophis,0
Phimophis vittatus,Phimophis,0
Phyllorhynchus browni,Phyllorhynchus,0
Phyllorhynchus decurtatus,Phyllorhynchus,0
Pituophis catenifer,Pituophis,0
Pituophis deppei,Pituophis,0
Pituophis lineaticollis,Pituophis,0
Pituophis melanoleucus,Pituophis,0
Pituophis ruthveni,Pituophis,0
Plagiopholis blakewayi,Plagiopholis,0
Plagiopholis delacouri,Plagiopholis,0
Plagiopholis nuchalis,Plagiopholis,0
Plagiopholis styani,Plagiopholis,0
Plagiopholis unipostocularis,Plagiopholis,0
Pliocercus dimidiatus,Pliocercus,0
Pliocercus wilmarai,Pliocercus,0
Poecilopholis cameronensis,Poecilopholis,0
Prosymna ambigua,Prosymna,0
Prosymna angolensis,Prosymna,0
Prosymna bivittata,Prosymna,0
Prosymna frontalis,Prosymna,0
Prosymna janii,Prosymna,0
Prosymna meleagris,Prosymna,0
Prosymna ornatissima,Prosymna,0
Prosymna pitmani,Prosymna,0
Prosymna ruspolii,Prosymna,0
Prosymna semifasciata,Prosymna,0
Prosymna somalica,Prosymna,0
Prosymna sundevalli,Prosymna,0
Prosymna visseri,Prosymna,0
Psammodynastes pictus,Psammodynastes,0
Psammodynastes pulverulentus,Psammodynastes,0
Pseudablabes agassizii,Pseudablabes,0
Pseudaspis cana,Pseudaspis,0
Pseudoboa coronata,Pseudoboa,0
Pseudoboa haasi,Pseudoboa,0
Pseudoboa neuwiedii,Pseudoboa,0
Pseudoboa nigra,Pseudoboa,0
Pseudoboa serrana,Pseudoboa,0
Pseudoboodon boehmei,Pseudoboodon,0
Pseudoboodon gascae,Pseudoboodon,0
Pseudoboodon lemniscatus,Pseudoboodon,0
Pseudocyclophis persicus,Pseudocyclophis,0
Pseudoeryx plicatilis,Pseudoeryx,0
Pseudoficimia frontalis,Pseudoficimia,0
Pseudoleptodeira latifasciata,Pseudoleptodeira,0
Pseudoleptodeira uribei,Pseudoleptodeira,0
Pseudorabdion albonuchalis,Pseudorabdion,0
Pseudorabdion ater,Pseudorabdion,0
Pseudorabdion collaris,Pseudorabdion,0
Pseudorabdion eiselti,Pseudorabdion,0
Pseudorabdion longiceps,Pseudorabdion,0
Pseudorabdion mcnamarae,Pseudorabdion,0
Pseudorabdion montanum,Pseudorabdion,0
Pseudorabdion oxycephalum,Pseudorabdion,0
Pseudorabdion sarasinorum,Pseudorabdion,0
Pseudorabdion saravacense,Pseudorabdion,0
Pseudorabdion talonuran,Pseudorabdion,0
Pseudorabdion taylori,Pseudorabdion,0
Pseudotomodon trigonatus,Pseudotomodon,0
Pseudoxenodon bambusicola,Pseudoxenodon,0
Pseudoxenodon baramensis,Pseudoxenodon,0
Pseudoxenodon inornatus,Pseudoxenodon,0
Pseudoxenodon karlschmidti,Pseudoxenodon,0
Pseudoxenodon macrops,Pseudoxenodon,0
Pseudoxenodon stejnegeri,Pseudoxenodon,0
Pseudoxyrhopus ambreensis,Pseudoxyrhopus,0
Pseudoxyrhopus analabe,Pseudoxyrhopus,0
Pseudoxyrhopus ankafinaensis,Pseudoxyrhopus,0
Pseudoxyrhopus heterurus,Pseudoxyrhopus,0
Pseudoxyrhopus imerinae,Pseudoxyrhopus,0
Pseudoxyrhopus kely,Pseudoxyrhopus,0
Pseudoxyrhopus microps,Pseudoxyrhopus,0
Pseudoxyrhopus oblectator,Pseudoxyrhopus,0
Pseudoxyrhopus quinquelineatus,Pseudoxyrhopus,0
Pseudoxyrhopus sokosoko,Pseudoxyrhopus,0
Pseudoxyrhopus tritaeniatus,Pseudoxyrhopus,0
Pseustes cinnamomeus,Pseustes,0
Pseustes poecilonotus,Pseustes,0
Pseustes sexcarinatus,Pseustes,0
Pseustes shropshirei,Pseustes,0
Pseustes sulphureus,Pseustes,0
Psomophis genimaculatus,Psomophis,0
Psomophis joberti,Psomophis,0
Psomophis obtusus,Psomophis,0
Ptyas carinatus,Ptyas,0
Ptyas dhumnades,Ptyas,0
Ptyas dipsas,Ptyas,0
Ptyas fuscus,Ptyas,0
Ptyas korros,Ptyas,0
Ptyas luzonensis,Ptyas,0
Ptyas mucosus,Ptyas,0
Ptyas nigromarginatus,Ptyas,0
Ptyas tornieri,Ptyas,0
Ptychophis flavovirgatus,Ptychophis,0
Pythonodipsas carinata,Pythonodipsas,0
Rabdion forsteni,Rabdion,0
Regina alleni,Regina,0
Regina grahami,Regina,0
Regina rigida,Regina,0
Regina septemvittata,Regina,0
Rhabdops bicolor,Rhabdops,0
Rhabdops olivaceus,Rhabdops,0
Rachidelus brazili,Rachidelus,0
Rhadinaea anachoreta,Rhadinaea,0
Rhadinaea bogertorum,Rhadinaea,0
Rhadinaea calligaster,Rhadinaea,0
Rhadinaea cuneata,Rhadinaea,0
Rhadinaea decorata,Rhadinaea,0
Rhadinaea flavilata,Rhadinaea,0
Rhadinaea forbesi,Rhadinaea,0
Rhadinaea fulvivittatis,Rhadinaea,0
Rhadinaea gaigeae,Rhadinaea,0
Rhadinaea godmani,Rhadinaea,0
Rhadinaea hannsteini,Rhadinaea,0
Rhadinaea hempsteadae,Rhadinaea,0
Rhadinaea hesperia,Rhadinaea,0
Rhadinaea kanalchutchan,Rhadinaea,0
Rhadinaea kinkelini,Rhadinaea,0
Rhadinaea lachrymans,Rhadinaea,0
Rhadinaea laureata,Rhadinaea,0
Rhadinaea macdougalli,Rhadinaea,0
Rhadinaea marcellae,Rhadinaea,0
Rhadinaea montana,Rhadinaea,0
Rhadinaea montecristi,Rhadinaea,0
Rhadinaea myersi,Rhadinaea,0
Rhadinaea omiltemana,Rhadinaea,0
Rhadinaea pilonaorum,Rhadinaea,0
Rhadinaea posadasi,Rhadinaea,0
Rhadinaea pulveriventris,Rhadinaea,0
Rhadinaea quinquelineata,Rhadinaea,0
Rhadinaea rogerromani,Rhadinaea,0
Rhadinaea sargenti,Rhadinaea,0
Rhadinaea schistosa,Rhadinaea,0
Rhadinaea serperastra,Rhadinaea,0
Rhadinaea stadelmani,Rhadinaea,0
Rhadinaea taeniata,Rhadinaea,0
Rhadinaea tolpanorum,Rhadinaea,0
Rhadinaea vermiculaticeps,Rhadinaea,0
Rhadinophanes monticola,Rhadinophanes,0
Rhamnophis aethiopissa,Rhamnophis,0
Rhamnophis batesii,Rhamnophis,0
Rhamphiophis acutus,Rhamphiophis,0
Rhamphiophis maradiensis,Rhamphiophis,0
Rhamphiophis oxyrhynchus,Rhamphiophis,0
Rhamphiophis rubropunctatus,Rhamphiophis,0
Rhinobothryum bovallii,Rhinobothryum,0
Rhinobothryum lentiginosum,Rhinobothryum,0
Rhinocheilus lecontei,Rhinocheilus,0
Rhynchocalamus arabicus,Rhynchocalamus,0
Rhynchocalamus melanocephalus,Rhynchocalamus,0
Rhynchophis boulengeri,Rhynchophis,0
Salvadora bairdi,Salvadora,0
Salvadora deserticola,Salvadora,0
Salvadora grahamiae,Salvadora,0
Salvadora hexalepis,Salvadora,0
Salvadora intermedia,Salvadora,0
Salvadora lemniscata,Salvadora,0
Salvadora mexicana,Salvadora,0
Saphenophis antioquiensis,Saphenophis,0
Saphenophis atahuallpae,Saphenophis,0
Saphenophis sneiderni,Saphenophis,0
Scaphiodontophis annulatus,Scaphiodontophis,0
Scaphiodontophis venustissimus,Scaphiodontophis,0
Scaphiophis albopunctatus,Scaphiophis,0
Scaphiophis raffreyi,Scaphiophis,0
Scolecophis atrocinctus,Scolecophis,0
Seminatrix pygaea,Seminatrix,0
Senticolis triaspis,Senticolis,0
Sibon annulata,Sibon,0
Sibon annulifera,Sibon,0
Sibon anthracops,Sibon,0
Sibon argus,Sibon,0
Sibon carri,Sibon,0
Sibon dimidiata,Sibon,0
Sibon dunni,Sibon,0
Sibon fischeri,Sibon,0
Sibon longifrenis,Sibon,0
Sibon nebulata,Sibon,0
Sibon sanniola,Sibon,0
Sibon sartorii,Sibon,0
Sibynophis bistrigatus,Sibynophis,0
Sibynophis bivittatus,Sibynophis,0
Sibynophis chinensis,Sibynophis,0
Sibynophis collaris,Sibynophis,0
Sibynophis geminatus,Sibynophis,0
Sibynophis melanocephalus,Sibynophis,0
Sibynophis sagittarius,Sibynophis,0
Sibynophis subpunctatus,Sibynophis,0
Sibynophis triangularis,Sibynophis,0
Simophis rhinostoma,Simophis,0
Simophis rohdei,Simophis,0
Sinonatrix aequifasciata,Sinonatrix,0
Sinonatrix annularis,Sinonatrix,0
Sinonatrix percarinata,Sinonatrix,0
Sinonatrix yunnanensis,Sinonatrix,0
Siphlophis cervinus,Siphlophis,0
Siphlophis compressus,Siphlophis,0
Siphlophis leucocephalus,Siphlophis,0
Siphlophis pulcher,Siphlophis,0
Siphlophis worontzowi,Siphlophis,0
Sonora aemula,Sonora,0
Sonora michoacanensis,Sonora,0
Sonora semiannulata,Sonora,0
Sordellina punctata,Sordellina,0
Spalerosophis arenarius,Spalerosophis,0
Spalerosophis diadema,Spalerosophis,0
Spalerosophis dolichospilus,Spalerosophis,0
Spalerosophis josephscorteccii,Spalerosophis,0
Spalerosophis microlepis,Spalerosophis,0
Spilotes pullatus,Spilotes,0
Stenophis arctifasciatus,Stenophis,0
Stenophis betsileanus,Stenophis,0
Stenophis capuroni,Stenophis,0
Stenophis carleti,Stenophis,0
Stenophis citrinus,Stenophis,0
Stenophis gaimardi,Stenophis,0
Stenophis granuliceps,Stenophis,0
Stenophis guentheri,Stenophis,0
Stenophis iarakaensis,Stenophis,0
Stenophis inopinae,Stenophis,0
Stenophis inornatus,Stenophis,0
Stenophis jaosoloa,Stenophis,0
Stenophis pseudogranuliceps,Stenophis,0
Stenophis tulearensis,Stenophis,0
Stenophis variabilis,Stenophis,0
Stenorrhina degenhardtii,Stenorrhina,0
Stenorrhina freminvillei,Stenorrhina,0
Stilosoma extenuatum,Stilosoma,0
Stoliczkaia borneensis,Stoliczkaia,0
Stoliczkaia khasiensis,Stoliczkaia,0
Storeria dekayi,Storeria,0
Storeria hidalgoensis,Storeria,0
Storeria occipitomaculata,Storeria,0
Storeria storerioides,Storeria,0
Symphimus leucostomus,Symphimus,0
Symphimus mayae,Symphimus,0
Sympholis lippiens,Sympholis,0
Synophis bicolor,Synophis,0
Synophis calamitus,Synophis,0
Synophis lasallei,Synophis,0
Tachymenis affinis,Tachymenis,0
Tachymenis attenuata,Tachymenis,0
Tachymenis chilensis,Tachymenis,0
Tachymenis elongata,Tachymenis,0
Tachymenis peruviana,Tachymenis,0
Tachymenis tarmensis,Tachymenis,0
Taeniophallus nicagus,Taeniophallus,0
Tantalophis discolor,Tantalophis,0
Tantilla albiceps,Tantilla,0
Tantilla alticola,Tantilla,0
Tantilla andinista,Tantilla,0
Tantilla atriceps,Tantilla,0
Tantilla bairdi,Tantilla,0
Tantilla bocourti,Tantilla,0
Tantilla brevicauda,Tantilla,0
Tantilla briggsi,Tantilla,0
Tantilla calamarina,Tantilla,0
Tantilla capistrata,Tantilla,0
Tantilla cascadae,Tantilla,0
Tantilla coronadoi,Tantilla,0
Tantilla coronata,Tantilla,0
Tantilla cucullata,Tantilla,0
Tantilla cuesta,Tantilla,0
Tantilla cuniculator,Tantilla,0
Tantilla deppei,Tantilla,0
Tantilla equatoriana,Tantilla,0
Tantilla flavilineata,Tantilla,0
Tantilla gracilis,Tantilla,0
Tantilla hobartsmithi,Tantilla,0
Tantilla impensa,Tantilla,0
Tantilla insulamontana,Tantilla,0
Tantilla jani,Tantilla,0
Tantilla johnsoni,Tantilla,0
Tantilla lempira,Tantilla,0
Tantilla melanocephala,Tantilla,0
Tantilla miyatai,Tantilla,0
Tantilla moesta,Tantilla,0
Tantilla nigra,Tantilla,0
Tantilla nigriceps,Tantilla,0
Tantilla oaxacae,Tantilla,0
Tantilla oolitica,Tantilla,0
Tantilla petersi,Tantilla,0
Tantilla planiceps,Tantilla,0
Tantilla relicta,Tantilla,0
Tantilla reticulata,Tantilla,0
Tantilla rubra,Tantilla,0
Tantilla schistosa,Tantilla,0
Tantilla semicincta,Tantilla,0
Tantilla sertula,Tantilla,0
Tantilla shawi,Tantilla,0
Tantilla slavensi,Tantilla,0
Tantilla striata,Tantilla,0
Tantilla supracincta,Tantilla,0
Tantilla taeniata,Tantilla,0
Tantilla tayrae,Tantilla,0
Tantilla tecta,Tantilla,0
Tantilla trilineata,Tantilla,0
Tantilla triseriata,Tantilla,0
Tantilla tritaeniata,Tantilla,0
Tantilla vermiformis,Tantilla,0
Tantilla vulcani,Tantilla,0
Tantilla wilcoxi,Tantilla,0
Tantilla yaquia,Tantilla,0
Tantillita brevissima,Tantillita,0
Tantillita canula,Tantillita,0
Tantillita lintoni,Tantillita,0
Telescopus beetzi,Telescopus,0
Telescopus dhara,Telescopus,0
Telescopus fallax,Telescopus,0
Telescopus gezirae,Telescopus,0
Telescopus hoogstraali,Telescopus,0
Telescopus nigriceps,Telescopus,0
Telescopus pulcher,Telescopus,0
Telescopus rhinopoma,Telescopus,0
Telescopus tessellatus,Telescopus,0
Telescopus variegata,Telescopus,0
Tetralepis fruhstorferi,Tetralepis,0
Thamnodynastes chaquensis,Thamnodynastes,0
Thamnodynastes chimanta,Thamnodynastes,0
Thamnodynastes duida,Thamnodynastes,0
Thamnodynastes gambotensis,Thamnodynastes,0
Thamnodynastes hypoconia,Thamnodynastes,0
Thamnodynastes pallidus,Thamnodynastes,0
Thamnodynastes rutilus,Thamnodynastes,0
Thamnodynastes strigatus,Thamnodynastes,0
Thamnodynastes strigilis,Thamnodynastes,0
Thamnodynastes yavi,Thamnodynastes,0
Thamnophis atratus,Thamnophis,0
Thamnophis brachystoma,Thamnophis,0
Thamnophis butleri,Thamnophis,0
Thamnophis chrysocephalus,Thamnophis,0
Thamnophis couchii,Thamnophis,0
Thamnophis cyrtopsis,Thamnophis,0
Thamnophis elegans,Thamnophis,0
Thamnophis eques,Thamnophis,0
Thamnophis exsul,Thamnophis,0
Thamnophis fulvus,Thamnophis,0
Thamnophis gigas,Thamnophis,0
Thamnophis godmani,Thamnophis,0
Thamnophis hammondii,Thamnophis,0
Thamnophis marcianus,Thamnophis,0
Thamnophis melanogaster,Thamnophis,0
Thamnophis mendax,Thamnophis,0
Thamnophis ordinoides,Thamnophis,0
Thamnophis proximus,Thamnophis,0
Thamnophis radix,Thamnophis,0
Thamnophis rossmani,Thamnophis,0
Thamnophis rufipunctatus,Thamnophis,0
Thamnophis sauritus,Thamnophis,0
Thamnophis scalaris,Thamnophis,0
Thamnophis scaliger,Thamnophis,0
Thamnophis sirtalis,Thamnophis,0
Thamnophis sumichrasti,Thamnophis,0
Thamnophis valida,Thamnophis,0
Thermophis baileyi,Thermophis,0
Thrasops flavigularis,Thrasops,0
Thrasops jacksonii,Thrasops,0
Thrasops occidentalis,Thrasops,0
Toluca amphisticha,Toluca,0
Toluca conica,Toluca,0
Toluca lineata,Toluca,0
Toluca megalodon,Toluca,0
Tomodon dorsatus,Tomodon,0
Tomodon ocellatus,Tomodon,0
Toxicodryas pulverulenta,Toxicodryas,0
Trachischium fuscum,Trachischium,0
Trachischium guentheri,Trachischium,0
Trachischium laeve,Trachischium,0
Trachischium monticola,Trachischium,0
Trachischium tenuiceps,Trachischium,0
Tretanorhinus mocquardi,Tretanorhinus,0
Tretanorhinus nigroluteus,Tretanorhinus,0
Tretanorhinus taeniatus,Tretanorhinus,0
Tretanorhinus variabilis,Tretanorhinus,0
Trimetopon barbouri,Trimetopon,0
Trimetopon gracile,Trimetopon,0
Trimetopon pliolepis,Trimetopon,0
Trimetopon simile,Trimetopon,0
Trimetopon slevini,Trimetopon,0
Trimetopon viquezi,Trimetopon,0
Trimorphodon biscutatus,Trimorphodon,0
Trimorphodon tau,Trimorphodon,0
Tropidoclonion lineatum,Tropidoclonion,0
Tropidodipsas fasciata,Tropidodipsas,0
Tropidodipsas philippii,Tropidodipsas,0
Tropidodipsas zweifeli,Tropidodipsas,0
Tropidodryas serra,Tropidodryas,0
Tropidodryas striaticeps,Tropidodryas,0
Umbrivaga mertensi,Umbrivaga,0
Umbrivaga pyburni,Umbrivaga,0
Umbrivaga pygmaea,Umbrivaga,0
Uromacer catesbyi,Uromacer,0
Uromacer frenatus,Uromacer,0
Uromacer oxyrhynchus,Uromacer,0
Uromacerina ricardinii,Uromacerina,0
Urotheca decipiens,Urotheca,0
Urotheca dumerilli,Urotheca,0
Urotheca elapoides,Urotheca,0
Urotheca euryzona,Urotheca,0
Urotheca fulviceps,Urotheca,0
Urotheca guentheri,Urotheca,0
Urotheca lateristriga,Urotheca,0
Urotheca multilineata,Urotheca,0
Urotheca myersi,Urotheca,0
Urotheca pachyura,Urotheca,0
Virginia pulchra,Virginia,0
Virginia striatula,Virginia,0
Virginia valeriae,Virginia,0
Waglerophis merremi,Waglerophis,0
Xenelaphis ellipsifer,Xenelaphis,0
Xenelaphis hexagonotus,Xenelaphis,0
Xenochrophis asperrimus,Xenochrophis,0
Xenochrophis bellula,Xenochrophis,0
Xenochrophis cerasogaster,Xenochrophis,0
Xenochrophis flavipunctatus,Xenochrophis,0
Xenochrophis maculatus,Xenochrophis,0
Xenochrophis piscator,Xenochrophis,0
Xenochrophis punctulatus,Xenochrophis,0
Xenochrophis sanctijohannis,Xenochrophis,0
Xenochrophis trianguligerus,Xenochrophis,0
Xenochrophis vittatus,Xenochrophis,0
Xenodermus javanicus,Xenodermus,0
Xenodon guentheri,Xenodon,0
Xenodon neuwiedii,Xenodon,0
Xenodon rabdocephalus,Xenodon,0
Xenodon severus,Xenodon,0
Xenodon werneri,Xenodon,0
Xenophidion acanthognathus,Xenophidion,0
Xenophidion schaeferi,Xenophidion,0
Xenopholis scalaris,Xenopholis,0
Xenopholis undulatus,Xenopholis,0
Xenoxybelis argenteus,Xenoxybelis,0
Xylophis perroteti,Xylophis,0
Xylophis stenorhynchus,Xylophis,0
Pseudalsophis slevini,Pseudalsophis,0
Pseudalsophis steindachneri,Pseudalsophis,0
Omoadiphas aurula,Omoadiphas,0
Psammophis tanganicus,Psammophis,0
Geophis juliai,Geophis,0
Boiga schultzei,Boiga,0
Anoplohydrus aemulans,Anoplohydrus,0
Apostolepis breviceps,Apostolepis,0
Apostolepis sanctaeritae,Apostolepis,0
Atractus nebularis,Atractus,0
Atractus taphorni,Atractus,0
Atractus turikensis,Atractus,0
Boiga tanahjampeana,Boiga,0
Coluber largeni,Coluber,0
Coluber schmidtleri,Coluber,0
Elaphe slowinskii,Elaphe,0
Geagras redimitus,Geagras,0
Heteroliodon lava,Heteroliodon,0
Hologerrhum dermali,Hologerrhum,0
Psammophis trinasalis,Psammophis,0
Psammophis namibensis,Psammophis,0
Psammophis orientalis,Psammophis,0
Psammophis leopardinus,Psammophis,0
Psammophis brevirostris,Psammophis,0
Psammophis mossambicus,Psammophis,0
Lycodon fausti,Lycodon,0
Lycodon zawi,Lycodon,0
Lycognathophis seychellensis,Lycognathophis,0
Drymarchon caudomaculatus,Drymarchon,0
Macrocalamus gentingensis,Macrocalamus,0
Synophis plectovertebralis,Synophis,0
Lycodon cardamomensis,Lycodon,0
Tantilla boipiranga,Tantilla,0
Tantilla robusta,Tantilla,0
Geophis juarezi,Geophis,0
Gongylosoma mukutense,Gongylosoma,0
Atractus darienensis,Atractus,0
Atractus depressiocellus,Atractus,0
Atractus hostilitractus,Atractus,0
Atractus imperfectus,Atractus,0
Geophis bellus,Geophis,0
Thamnodynastes longicaudatus,Thamnodynastes,0
Sibon linearis,Sibon,0
Conophis morai,Conophis,0
Boiga bengkuluensis,Boiga,0
Coluber andreanus,Coluber,0
Tomodon orestes,Tomodon,0
Thamnodynastes almae,Thamnodynastes,0
Thamnodynastes corocoroensis,Thamnodynastes,0
Thamnodynastes marahuaquensis,Thamnodynastes,0
Amphiesma kerinciense,Amphiesma,0
Pseudoboodon sandfordorum,Pseudoboodon,0
Clelia hussami,Clelia,0
Calamaria ingeri,Calamaria,0
Tantilla hendersoni,Tantilla,0
Dendrelaphis hollinrakei,Dendrelaphis,0
Phalotris cuyanus,Phalotris,0
Hemirhagerrhis hildebrandti,Hemirhagerrhis,0
Liopholidophis sexlineatus,Liopholidophis,0
Oligodon jintakunei,Oligodon,0
Lampropeltis webbi,Lampropeltis,0
Atractus thalesdelemai,Atractus,0
Heteroliodon fohy,Heteroliodon,0
Boiga bourreti,Boiga,0
Dipsas pakaraima,Dipsas,0
Drymoluber apurimacensis,Drymoluber,0
Oligodon booliati,Oligodon,0
Omoadiphas texiguatensis,Omoadiphas,0
Platyceps saharicus,Platyceps,0
Tropidonophis dolasii,Tropidonophis,0
Atractus natans,Atractus,0
Atractus paraguayensis,Atractus,0
Clelia langeri,Clelia,0
Enhydris chanardi,Enhydris,0
Hydrops caesurus,Hydrops,0
Geodipsas fatsibe,Geodipsas,0
Calamaria thanhi,Calamaria,0
Macrocalamus chanardi,Macrocalamus,0
Macrocalamus vogeli,Macrocalamus,0
Phalotris labiomaculatus,Phalotris,0
Lepturophis borneensis,Lepturophis,0
Liopholidophis martae,Liopholidophis,0
Taeniophallus nebularis,Taeniophallus,0
Apostolepis ammodites,Apostolepis,0
Thamnodynastes lanei,Thamnodynastes,0
Thamnodynastes sertanejo,Thamnodynastes,0
Atractus zebrinus,Atractus,0
Amphiesma andreae,Amphiesma,0
Helicops tapajonicus,Helicops,0
Apostolepis albicollaris,Apostolepis,0
Phalotris mattogrossensis,Phalotris,0
Atractus edioi,Atractus,0
Atractus caxiuana,Atractus,0
Enhydris gyii,Enhydris,0
Rhadinaea pegosalyta,Rhadinaea,0
Boiga ranawanei,Boiga,0
Rhynchocalamus barani,Rhynchocalamus,0
Atractus tamessari,Atractus,0
Atractus attenuatus,Atractus,0
Atractus gigas,Atractus,0
Amphiesma leucomystax,Amphiesma,0
Dendrelaphis kopsteini,Dendrelaphis,0
Sibon miskitus,Sibon,0
Geophis nephrodrymus,Geophis,0
Calamodontophis ronaldoi,Calamodontophis,0
Atractus charitoae,Atractus,0
Atractus emersoni,Atractus,0
Atractus davidhardi,Atractus,0
Atractus heliobelluomini,Atractus,0
Atractus franciscopaivi,Atractus,0
Atractus lucilae,Atractus,0
Atractus janethae,Atractus,0
Sibon lamari,Sibon,0
Pseudalsophis dorsalis,Pseudalsophis,0
Hydrodynastes melanogigas,Hydrodynastes,0
Cubophis caymanus,Cubophis,0
Cubophis fuscicauda,Cubophis,0
Cubophis ruttyi,Cubophis,0
Ahaetulla nasuta,Ahaetulla,0
Malpolon moilensis,Malpolon,0
Macrelaps microlepidotus,Macrelaps,0
Pseudonaja modesta,Pseudonaja,0
Triceratolepidophis sieversorum,Triceratolepidophis,0
Brachyophis revoili,Brachyophis,0
Elapotinus pictei,Elapotinus,0
Hypoptophis wilsoni,Hypoptophis,0
Micrelaps bicoloratus,Micrelaps,0
Micrelaps muelleri,Micrelaps,0
Micrelaps vaillanti,Micrelaps,0
Amblyodipsas concolor,Amblyodipsas,0
Amblyodipsas dimidiata,Amblyodipsas,0
Amblyodipsas katangensis,Amblyodipsas,0
Amblyodipsas microphthalma,Amblyodipsas,0
Amblyodipsas polylepis,Amblyodipsas,0
Amblyodipsas rodhaini,Amblyodipsas,0
Amblyodipsas teitana,Amblyodipsas,0
Amblyodipsas unicolor,Amblyodipsas,0
Amblyodipsas ventrimaculata,Amblyodipsas,0
Aparallactus capensis,Aparallactus,0
Aparallactus guentheri,Aparallactus,0
Aparallactus jacksonii,Aparallactus,0
Aparallactus lineatus,Aparallactus,0
Aparallactus lunulatus,Aparallactus,0
Aparallactus modestus,Aparallactus,0
Aparallactus moeruensis,Aparallactus,0
Aparallactus niger,Aparallactus,0
Aparallactus nigriceps,Aparallactus,0
Aparallactus turneri,Aparallactus,0
Aparallactus werneri,Aparallactus,0
Chilorhinophis butleri,Chilorhinophis,0
Chilorhinophis carpenteri,Chilorhinophis,0
Chilorhinophis gerardi,Chilorhinophis,0
Polemon acanthias,Polemon,0
Polemon barthii,Polemon,0
Polemon bocourti,Polemon,0
Polemon christyi,Polemon,0
Polemon collaris,Polemon,0
Polemon fulvicollis,Polemon,0
Polemon gabonensis,Polemon,0
Polemon gracilis,Polemon,0
Polemon griseiceps,Polemon,0
Polemon leopoldi,Polemon,0
Polemon neuwiedi,Polemon,0
Polemon notatum,Polemon,0
Polemon robustus,Polemon,0
Xenocalamus bicolor,Xenocalamus,0
Xenocalamus mechowii,Xenocalamus,0
Xenocalamus michellii,Xenocalamus,0
Xenocalamus sabiensis,Xenocalamus,0
Xenocalamus transvaalensis,Xenocalamus,0
Eryx borrii,Eryx,0
Micrelaps tchernovi,Micrelaps,0
Aspidites melanocephalus,Aspidites,0
Aspidites ramsayi,Aspidites,0
Antaresia childreni,Antaresia,0
Antaresia maculosa,Antaresia,0
Antaresia perthensis,Antaresia,0
Antaresia stimsoni,Antaresia,0
Apodora papuana,Apodora,0
Bothrochilus boa,Bothrochilus,0
Leiopython albertisii,Leiopython,0
Liasis mackloti,Liasis,0
Liasis olivaceus,Liasis,0
Morelia amethistina,Morelia,0
Morelia boeleni,Morelia,0
Morelia bredli,Morelia,0
Morelia carinata,Morelia,0
Morelia clastolepis,Morelia,0
Morelia kinghorni,Morelia,0
Morelia nauta,Morelia,0
Morelia oenpelliensis,Morelia,0
Morelia tracyae,Morelia,0
Morelia viridis,Morelia,0
Python anchietae,Python,0
Python breitensteini,Python,0
Python brongersmai,Python,0
Python curtus,Python,0
Python molurus,Python,0
Python natalensis,Python,0
Python regius,Python,0
Python reticulatus,Python,0
Python sebae,Python,0
Python timoriensis,Python,0
Acrantophis dumerili,Acrantophis,0
Acrantophis madagascariensis,Acrantophis,0
Boa constrictor,Boa,0
Candoia aspera,Candoia,0
Candoia bibroni,Candoia,0
Candoia carinata,Candoia,0
Corallus annulatus,Corallus,0
Corallus caninus,Corallus,0
Corallus cookii,Corallus,0
Corallus cropanii,Corallus,0
Corallus hortulanus,Corallus,0
Corallus ruschenbergerii,Corallus,0
Epicrates angulifer,Epicrates,0
Epicrates cenchria,Epicrates,0
Epicrates chrysogaster,Epicrates,0
Epicrates exsul,Epicrates,0
Epicrates fordii,Epicrates,0
Epicrates gracilis,Epicrates,0
Epicrates inornatus,Epicrates,0
Epicrates monensis,Epicrates,0
Epicrates striatus,Epicrates,0
Epicrates subflavus,Epicrates,0
Eunectes beniensis,Eunectes,0
Eunectes deschauenseei,Eunectes,0
Eunectes murinus,Eunectes,0
Eunectes notaeus,Eunectes,0
Sanzinia madagascariensis,Sanzinia,0
Calabaria reinhardtii,Calabaria,0
Charina bottae,Charina,0
Charina trivirgata,Charina,0
Gongylophis colubrinus,Gongylophis,0
Gongylophis conicus,Gongylophis,0
Gongylophis muelleri,Gongylophis,0
Eryx elegans,Eryx,0
Eryx jaculus,Eryx,0
Eryx jayakari,Eryx,0
Eryx johnii,Eryx,0
Eryx miliaris,Eryx,0
Eryx somalicus,Eryx,0
Eryx tataricus,Eryx,0
Acrochordus arafurae,Acrochordus,0
Acrochordus granulatus,Acrochordus,0
Acrochordus javanicus,Acrochordus,0
Morelia spilota,Morelia,0
Corallus grenadensis,Corallus,0
Eryx whitakeri,Eryx,0
